id,estacion,linea,betweenness_actual,caida_F_pct,caida_G_pct,caida_I_pct
9,Plaza Miserere,A,0.2383315917798676,8.312020460358024,0.21921812203142635,23.67555717939346
25,Pueyrredón,B,0.2402037617554859,3.0451332245785756,12.398042414355622,21.53344208809135
49,Pueyrredón,D,0.2434691745036573,31.06223175965669,1.6630901287553714,22.639484978540768
66,Jujuy,E,0.23380355276907003,2.1229050279329558,0.6703910614525055,21.396648044692732
82,Corrientes,H,0.3195750609543714,12.779291553133495,6.743869209809267,26.321525885558582
83,Once,H,0.33472657610588646,11.030176899063429,-0.3902185223725334,26.651925078043686
84,Venezuela,H,0.2079414838035528,7.851758793969865,-0.5025125628140684,26.94723618090452
85,Humberto 1º,H,0.23380355276907003,6.98324022346369,0.1117318435754156,23.966480446927374
