escenario,estaciones_nuevas,transbordos_nuevos,tiempo_medio,mejora_tiempo_pct,eficiencia,mejora_eficiencia_pct,diametro,radio,caida_betweenness_hubs_pct,betweenness_nuevas_estaciones
F,11,7,22.9341164453524,1.2480070372202896,0.06581452824181282,0.7414726885929739,58.0,29,10.63084855815136,0.5159352142110765
G,11,5,23.100102145045966,0.5332893507064643,0.06547732296860376,0.2253168073774023,58.0,30,2.699089693806093,0.227533960292581
I,10,4,22.399897854954034,3.548298422123261,0.06612181580906766,1.2118339126438191,49.0,30,24.30453879941433,0.6384535005224661
F+G+I,32,18,22.04724208375894,5.066798614547249,0.06670309182327096,2.101585815054214,49.0,29,33.40760073843019,1.1863897596656219
