,1,2,3,4,5,6,7,8,9,10,11,12,13,14,15,16,17,18,19,20,21,22,23,24,25,26,27,28,29,30,31,32,33,34,90,35,36,37,38,39,40,41,42,43,44,45,46,47,48,49,50,51,52,53,54,55,56,57,58,59,60,61,62,63,64,65,66,67,68,69,70,71,72,73,74,75,76,77,78,79,80,81,82,83,84,85,86,87,88,89
1,0.0,8.398685605702707e-06,2.72957282185338e-05,0.00013017962688839196,0.0002698077750831995,0.00046822672251792594,0.0002519605681710812,8.503669175773992e-05,0.00048187458662719287,0.00045142935130652054,0.0006194030634205747,0.0008871111671023484,0.0014970657092165077,0.001228307769834021,0.0007422338404039768,0.0010886796216392134,0.0014256768815680346,0.0019589934175301567,3.989375662708786e-05,1.5747535510692576e-05,1.5747535510692576e-05,6.194030634205747e-05,0.00012912979118767914,7.453833475061153e-05,4.4093099429939216e-05,5.5641292137780436e-05,0.0001343789696912433,0.0001249304483848278,9.973439156771965e-05,1.6797371211405414e-05,3.4644578123523665e-05,1.0498357007128384e-05,1.36478641092669e-05,2.72957282185338e-05,6.299014204277031e-06,5.45914564370676e-05,2.2046549714969608e-05,1.1548192707841223e-05,1.5747535510692576e-05,3.7794085225662185e-05,2.3096385415682446e-05,1.8897042612831092e-05,2.72957282185338e-05,0.00041363526608085833,7.453833475061153e-05,3.884392092637502e-05,5.5641292137780436e-05,7.243866334918586e-05,6.089047064134463e-05,3.884392092637502e-05,4.09435923278007e-05,6.508981344419598e-05,4.9342277933503404e-05,5.2491785035641923e-05,5.5641292137780436e-05,2.72957282185338e-05,5.8790799239918955e-05,4.09435923278007e-05,6.718948484562166e-05,8.818619885987843e-05,3.989375662708786e-05,1.6797371211405414e-05,1.5747535510692576e-05,9.448521306415546e-06,2.4146221116395283e-05,6.299014204277031e-06,1.2598028408554062e-05,2.2046549714969608e-05,4.9342277933503404e-05,8.18871846556014e-05,0.0001417278195962332,9.343537736344262e-05,5.039211363421625e-05,3.989375662708786e-05,2.0996714014256767e-05,3.569441382423651e-05,5.354162073635476e-05,3.7794085225662185e-05,8.398685605702707e-06,6.718948484562166e-05,7.138882764847302e-05,4.5142935130652054e-05,2.9395399619959478e-05,0.002547951245630059,0.00011233241997627371,6.299014204277031e-06,3.359474242281083e-05,5.6691127838493273e-05,7.558817045132437e-05,7.978751325417572e-05
2,2.3096385415682446e-05,0.0,1.2598028408554062e-05,8.083734895488856e-05,0.00023936253976252717,0.0003275487386224056,0.00022151533285040892,7.873767755346288e-05,0.0003002530104038718,0.00034434610983381103,0.00047137622962006447,0.0006750443555583551,0.0009952442442757708,0.0008388187248695579,0.0005490640714728145,0.0008083734895488856,0.0009847458872686424,0.0013332913399053048,1.6797371211405414e-05,2.9395399619959478e-05,3.0445235320672315e-05,6.089047064134463e-05,9.763472016629397e-05,8.083734895488856e-05,3.359474242281083e-05,7.66380061520372e-05,0.00013752847679338184,0.00011653176277912507,0.00012388061268411494,5.2491785035641923e-05,7.66380061520372e-05,1.7847206912118255e-05,2.72957282185338e-05,9.448521306415546e-05,2.72957282185338e-05,8.503669175773992e-05,2.72957282185338e-05,9.448521306415546e-06,3.149507102138515e-05,1.7847206912118255e-05,1.6797371211405414e-05,2.0996714014256767e-05,3.0445235320672315e-05,0.0003065520246081488,0.0001774222334204697,4.9342277933503404e-05,0.0001396281481948075,0.00022151533285040892,0.00018687075472688524,3.4644578123523665e-05,0.00025301040387179405,0.00020051861883615214,0.00019841894743472647,0.00025301040387179405,0.00032859857432311846,0.00017217305491690552,0.00024041237546324,0.0001826714119240339,0.00035064512403808803,0.0004619277083136489,3.149507102138515e-05,1.994687831354393e-05,1.8897042612831092e-05,1.36478641092669e-05,3.149507102138515e-05,2.0996714014256767e-05,1.7847206912118255e-05,2.6245892517820962e-05,5.354162073635476e-05,7.033899194776018e-05,0.00011023274857484803,8.293702035631423e-05,5.2491785035641923e-05,3.4644578123523665e-05,1.8897042612831092e-05,8.18871846556014e-05,2.5196056817108124e-05,1.8897042612831092e-05,1.36478641092669e-05,0.0001091829128741352,0.00023831270406181432,6.29901420427703e-05,3.569441382423651e-05,0.0019222491680052072,0.00010603340577199668,1.4697699809979739e-05,4.09435923278007e-05,6.194030634205747e-05,6.928915624704733e-05,8.608652745845276e-05
3,3.7794085225662185e-05,3.1495071021385155e-06,0.0,2.4146221116395283e-05,7.558817045132437e-05,0.00018897042612831092,0.0001501265052019359,4.4093099429939216e-05,0.00021626615434684472,0.0002236150042518346,0.0002876549819953177,0.0004020870733730171,0.0006897420553683348,0.0005343663716628347,0.0003275487386224056,0.00048712376513075704,0.000617303392019149,0.0008115229966510241,9.448521306415546e-06,1.4697699809979739e-05,1.994687831354393e-05,1.4697699809979739e-05,4.8292442232790567e-05,5.039211363421625e-05,1.994687831354393e-05,3.569441382423651e-05,7.34884990498987e-05,5.1441949334929086e-05,6.403997774348314e-05,1.994687831354393e-05,3.4644578123523665e-05,4.1993428028513535e-06,1.994687831354393e-05,5.1441949334929086e-05,1.2598028408554062e-05,4.304326372922638e-05,1.1548192707841223e-05,4.1993428028513535e-06,2.6245892517820962e-05,1.36478641092669e-05,1.2598028408554062e-05,9.448521306415546e-06,1.994687831354393e-05,0.00012912979118767914,4.1993428028513535e-05,3.674424952494935e-05,2.8345563919246637e-05,7.768784185275004e-05,8.293702035631423e-05,2.0996714014256767e-05,8.18871846556014e-05,6.718948484562166e-05,7.138882764847302e-05,8.923603456059127e-05,7.558817045132437e-05,5.6691127838493273e-05,7.873767755346288e-05,6.29901420427703e-05,0.00012283077698340208,0.00015117634090264874,1.4697699809979739e-05,8.398685605702707e-06,1.0498357007128384e-05,1.0498357007128384e-06,1.6797371211405414e-05,6.299014204277031e-06,7.348849904989869e-06,1.1548192707841223e-05,2.9395399619959478e-05,4.4093099429939216e-05,6.194030634205747e-05,5.6691127838493273e-05,1.994687831354393e-05,2.0996714014256767e-05,8.398685605702707e-06,4.304326372922638e-05,1.2598028408554062e-05,1.5747535510692576e-05,5.249178503564192e-06,5.354162073635476e-05,9.238554166272978e-05,4.09435923278007e-05,1.994687831354393e-05,0.0013857831249409467,5.984063494063179e-05,1.0498357007128384e-05,1.994687831354393e-05,3.254490672209799e-05,4.724260653207773e-05,5.5641292137780436e-05
4,0.00012283077698340208,1.2598028408554062e-05,1.6797371211405414e-05,0.0,3.674424952494935e-05,0.00012703011978625346,0.00010393373437057101,4.1993428028513535e-05,0.00019421960463187512,0.00017322289061761834,0.0002624589251782096,0.00032544906722097993,0.000525967686057132,0.00038948904496446306,0.0002582595823753583,0.00035064512403808803,0.0004965722864371726,0.0007044397551783146,1.2598028408554062e-05,1.994687831354393e-05,2.9395399619959478e-05,2.0996714014256767e-05,3.674424952494935e-05,4.619277083136489e-05,1.5747535510692576e-05,4.304326372922638e-05,7.138882764847302e-05,6.403997774348314e-05,6.403997774348314e-05,2.8345563919246637e-05,5.984063494063179e-05,1.6797371211405414e-05,1.7847206912118255e-05,6.403997774348314e-05,1.5747535510692576e-05,0.00019841894743472647,4.09435923278007e-05,1.6797371211405414e-05,2.72957282185338e-05,7.348849904989869e-06,2.2046549714969608e-05,1.36478641092669e-05,3.7794085225662185e-05,0.0003926385520666016,9.658488446558113e-05,4.619277083136489e-05,4.09435923278007e-05,8.818619885987843e-05,0.00010183406296914533,2.4146221116395283e-05,0.00010393373437057101,9.763472016629397e-05,8.083734895488856e-05,8.71363631591656e-05,0.0001249304483848278,7.138882764847302e-05,0.00011968126988126359,7.558817045132437e-05,0.00017007338351547984,0.00020681763304042917,2.4146221116395283e-05,1.2598028408554062e-05,1.8897042612831092e-05,7.348849904989869e-06,9.448521306415546e-06,6.299014204277031e-06,1.4697699809979739e-05,1.5747535510692576e-05,2.2046549714969608e-05,3.989375662708786e-05,4.9342277933503404e-05,3.989375662708786e-05,2.6245892517820962e-05,1.36478641092669e-05,9.448521306415546e-06,0.000169023547814767,2.6245892517820962e-05,2.0996714014256767e-05,6.299014204277031e-06,6.613964914490882e-05,0.00011233241997627371,3.4644578123523665e-05,2.9395399619959478e-05,0.0009658488446558114,3.7794085225662185e-05,1.0498357007128384e-05,1.1548192707841223e-05,3.4644578123523665e-05,4.619277083136489e-05,5.039211363421625e-05
5,0.00022886418275539877,1.8897042612831092e-05,5.039211363421625e-05,3.359474242281083e-05,0.0,6.928915624704733e-05,9.868455586700681e-05,4.1993428028513535e-05,0.00019421960463187512,0.00020576779733971634,0.0002593094180760711,0.00036429298814735496,0.0005721604568884969,0.0004902732722328956,0.0002866051462946049,0.00045247918700723336,0.0005826588138956254,0.0007947256254396187,3.7794085225662185e-05,5.354162073635476e-05,2.72957282185338e-05,2.9395399619959478e-05,2.5196056817108124e-05,3.569441382423651e-05,3.0445235320672315e-05,1.7847206912118255e-05,5.984063494063179e-05,5.8790799239918955e-05,4.9342277933503404e-05,1.994687831354393e-05,2.9395399619959478e-05,3.1495071021385155e-06,9.448521306415546e-06,2.8345563919246637e-05,3.1495071021385155e-06,0.00012283077698340208,2.6245892517820962e-05,2.3096385415682446e-05,9.448521306415546e-06,4.304326372922638e-05,1.5747535510692576e-05,1.4697699809979739e-05,2.8345563919246637e-05,0.00024146221116395285,0.0002866051462946049,2.72957282185338e-05,2.72957282185338e-05,2.3096385415682446e-05,1.8897042612831092e-05,1.5747535510692576e-05,3.149507102138515e-05,2.9395399619959478e-05,3.359474242281083e-05,4.1993428028513535e-05,4.304326372922638e-05,3.674424952494935e-05,3.7794085225662185e-05,5.039211363421625e-05,7.978751325417572e-05,0.00014277765529694604,7.558817045132437e-05,2.72957282185338e-05,1.4697699809979739e-05,1.1548192707841223e-05,1.36478641092669e-05,4.1993428028513535e-06,1.994687831354393e-05,1.4697699809979739e-05,1.994687831354393e-05,3.569441382423651e-05,6.613964914490882e-05,4.09435923278007e-05,1.994687831354393e-05,2.5196056817108124e-05,6.299014204277031e-06,0.00011653176277912507,3.149507102138515e-05,3.4644578123523665e-05,1.1548192707841223e-05,6.29901420427703e-05,5.1441949334929086e-05,3.4644578123523665e-05,2.5196056817108124e-05,0.0009626993375536729,4.724260653207773e-05,1.6797371211405414e-05,2.8345563919246637e-05,2.9395399619959478e-05,5.5641292137780436e-05,7.66380061520372e-05
6,0.00033174808142525693,2.2046549714969608e-05,6.403997774348314e-05,9.868455586700681e-05,4.724260653207773e-05,0.0,5.45914564370676e-05,3.569441382423651e-05,0.0003044523532067231,0.000311801203111713,0.0004283329658908381,0.0005826588138956254,0.0009049583740144667,0.0007075892622804531,0.00040838608757729416,0.0006424994488362572,0.0008241210250595781,0.0011495700922805581,5.354162073635476e-05,5.5641292137780436e-05,2.72957282185338e-05,2.72957282185338e-05,4.619277083136489e-05,2.2046549714969608e-05,1.7847206912118255e-05,4.619277083136489e-05,8.18871846556014e-05,8.503669175773992e-05,7.033899194776018e-05,2.0996714014256767e-05,3.7794085225662185e-05,6.299014204277031e-06,1.36478641092669e-05,3.359474242281083e-05,3.1495071021385155e-06,0.0002236150042518346,4.724260653207773e-05,3.149507102138515e-05,3.359474242281083e-05,0.0001007842272684325,3.149507102138515e-05,2.5196056817108124e-05,4.619277083136489e-05,0.00047137622962006447,0.0004020870733730171,7.243866334918586e-05,3.149507102138515e-05,4.9342277933503404e-05,1.6797371211405414e-05,1.7847206912118255e-05,4.4093099429939216e-05,3.254490672209799e-05,4.5142935130652054e-05,4.1993428028513535e-05,4.5142935130652054e-05,3.149507102138515e-05,5.039211363421625e-05,6.613964914490882e-05,0.00010603340577199668,0.00012073110558197642,0.0001091829128741352,3.4644578123523665e-05,3.569441382423651e-05,8.398685605702707e-06,3.359474242281083e-05,1.0498357007128384e-05,2.72957282185338e-05,1.8897042612831092e-05,4.09435923278007e-05,4.619277083136489e-05,0.00011233241997627371,6.403997774348314e-05,4.8292442232790567e-05,2.8345563919246637e-05,1.6797371211405414e-05,0.0002236150042518346,3.884392092637502e-05,4.5142935130652054e-05,1.4697699809979739e-05,7.558817045132437e-05,6.29901420427703e-05,4.304326372922638e-05,2.5196056817108124e-05,0.0011117760070548958,5.45914564370676e-05,4.619277083136489e-05,5.5641292137780436e-05,5.039211363421625e-05,6.613964914490882e-05,9.763472016629397e-05
7,0.0002845054748931792,2.9395399619959478e-05,0.00011128258427556087,0.00015432584800478724,0.00011443209137769938,5.039211363421625e-05,0.0,2.72957282185338e-05,1.4697699809979739e-05,7.348849904989869e-06,5.249178503564192e-06,5.249178503564192e-06,8.398685605702707e-06,7.348849904989869e-06,2.0996714014256767e-06,1.0498357007128384e-06,7.348849904989869e-06,9.448521306415546e-06,3.149507102138515e-05,5.1441949334929086e-05,3.569441382423651e-05,3.359474242281083e-05,1.36478641092669e-05,8.398685605702707e-06,2.0996714014256767e-06,1.0498357007128384e-06,9.448521306415546e-06,1.0498357007128384e-06,2.0996714014256767e-06,3.1495071021385155e-06,6.299014204277031e-06,0.0,2.0996714014256767e-06,4.1993428028513535e-06,0.0,0.0001417278195962332,5.2491785035641923e-05,3.4644578123523665e-05,3.149507102138515e-05,8.608652745845276e-05,3.674424952494935e-05,3.254490672209799e-05,4.8292442232790567e-05,0.0005028713006414496,0.0003390969313302468,6.194030634205747e-05,2.8345563919246637e-05,1.4697699809979739e-05,4.1993428028513535e-06,2.0996714014256767e-06,6.299014204277031e-06,5.249178503564192e-06,4.1993428028513535e-06,1.0498357007128384e-05,1.4697699809979739e-05,9.448521306415546e-06,1.36478641092669e-05,1.0498357007128384e-05,2.3096385415682446e-05,2.4146221116395283e-05,8.503669175773992e-05,2.3096385415682446e-05,2.3096385415682446e-05,1.36478641092669e-05,1.2598028408554062e-05,7.348849904989869e-06,0.0,0.0,3.1495071021385155e-06,3.1495071021385155e-06,2.0996714014256767e-06,3.1495071021385155e-06,5.249178503564192e-06,1.0498357007128384e-06,0.0,0.00013752847679338184,5.1441949334929086e-05,3.4644578123523665e-05,0.0,1.0498357007128384e-05,3.1495071021385155e-06,1.1548192707841223e-05,1.0498357007128384e-06,1.8897042612831092e-05,9.448521306415546e-06,3.1495071021385155e-06,0.0,3.1495071021385155e-06,4.1993428028513535e-06,3.1495071021385155e-06
8,1.5747535510692576e-05,0.0,3.1495071021385155e-06,3.1495071021385155e-06,1.0498357007128384e-05,1.5747535510692576e-05,2.3096385415682446e-05,0.0,4.304326372922638e-05,0.00017637239771975687,0.00023306352555825015,0.0002918543247981691,0.0004503795156058077,0.00033384775282668263,0.00020366812593829067,0.0003212497244181286,0.0005007716292400239,0.0006571971486462369,5.249178503564192e-06,4.1993428028513535e-06,0.0,5.249178503564192e-06,3.1495071021385155e-06,1.36478641092669e-05,4.1993428028513535e-06,1.7847206912118255e-05,4.724260653207773e-05,2.9395399619959478e-05,1.994687831354393e-05,1.2598028408554062e-05,1.0498357007128384e-05,2.0996714014256767e-06,5.249178503564192e-06,9.448521306415546e-06,0.0,5.249178503564192e-06,1.0498357007128384e-06,0.0,3.1495071021385155e-06,4.1993428028513535e-06,1.0498357007128384e-06,2.0996714014256767e-06,4.1993428028513535e-06,2.3096385415682446e-05,1.8897042612831092e-05,3.1495071021385155e-06,3.1495071021385155e-06,8.398685605702707e-06,9.448521306415546e-06,1.1548192707841223e-05,2.0996714014256767e-05,1.7847206912118255e-05,1.8897042612831092e-05,9.448521306415546e-06,1.36478641092669e-05,8.398685605702707e-06,1.36478641092669e-05,1.6797371211405414e-05,2.9395399619959478e-05,2.72957282185338e-05,2.0996714014256767e-06,0.0,2.0996714014256767e-06,1.0498357007128384e-06,3.1495071021385155e-06,7.348849904989869e-06,1.4697699809979739e-05,7.348849904989869e-06,1.5747535510692576e-05,1.8897042612831092e-05,3.569441382423651e-05,2.6245892517820962e-05,2.3096385415682446e-05,1.8897042612831092e-05,1.1548192707841223e-05,5.249178503564192e-06,3.1495071021385155e-06,3.1495071021385155e-06,9.448521306415546e-06,5.2491785035641923e-05,2.9395399619959478e-05,1.4697699809979739e-05,1.0498357007128384e-05,0.00010183406296914533,2.6245892517820962e-05,2.2046549714969608e-05,2.0996714014256767e-05,3.149507102138515e-05,3.4644578123523665e-05,4.09435923278007e-05
9,0.0013805339464373827,7.34884990498987e-05,0.0004955224507364597,0.0006078548707127335,0.0006456489559383957,0.0007159879478861558,5.039211363421625e-05,6.29901420427703e-05,0.0,0.00012073110558197642,0.000201568454536865,0.00025615991097393257,0.0003663926595487806,0.00033384775282668263,0.0001637743693112028,0.0003222995601188414,0.0004650772154157874,0.0008377688891688451,9.448521306415546e-05,0.0001910700975297366,0.0001091829128741352,0.00014067798389552036,0.00013647864109266899,2.5196056817108124e-05,2.6245892517820962e-05,2.72957282185338e-05,5.5641292137780436e-05,5.5641292137780436e-05,5.45914564370676e-05,1.6797371211405414e-05,4.619277083136489e-05,1.2598028408554062e-05,2.5196056817108124e-05,3.989375662708786e-05,1.5747535510692576e-05,0.0003873893735630374,0.00022046549714969607,0.00010708324147270952,9.343537736344262e-05,0.00045457885840865907,7.34884990498987e-05,0.0001007842272684325,0.00014592716239908454,0.0014603214596915584,0.001247204812446852,0.00017217305491690552,0.00016587404071262846,0.00010708324147270952,6.613964914490882e-05,2.2046549714969608e-05,5.039211363421625e-05,4.8292442232790567e-05,6.194030634205747e-05,7.34884990498987e-05,7.768784185275004e-05,3.884392092637502e-05,8.083734895488856e-05,6.403997774348314e-05,9.763472016629397e-05,9.973439156771965e-05,0.00021521631864613187,0.00011863143418055075,9.763472016629397e-05,4.619277083136489e-05,3.674424952494935e-05,1.8897042612831092e-05,3.254490672209799e-05,1.6797371211405414e-05,2.6245892517820962e-05,3.0445235320672315e-05,8.608652745845276e-05,3.359474242281083e-05,2.8345563919246637e-05,2.6245892517820962e-05,1.1548192707841223e-05,0.0003306982457245441,0.0001879205904275981,9.973439156771965e-05,3.884392092637502e-05,0.00033174808142525693,0.0001879205904275981,0.00011128258427556087,1.7847206912118255e-05,0.0009196560738244465,5.8790799239918955e-05,3.989375662708786e-05,8.18871846556014e-05,0.00016587404071262846,0.00015642551940621294,0.00015222617660336156
10,0.0003989375662708786,1.2598028408554062e-05,0.00011128258427556087,0.0001553756837055001,0.00020681763304042917,0.0003569441382423651,5.6691127838493273e-05,0.0001469769980997974,0.0001333291339905305,0.0,7.453833475061153e-05,0.0002320136898575373,0.0003023526818052975,0.0002813559677910407,0.0001606248622090643,0.00023306352555825015,0.00033174808142525693,0.0004199342802851354,3.989375662708786e-05,6.29901420427703e-05,3.569441382423651e-05,5.5641292137780436e-05,5.8790799239918955e-05,3.149507102138515e-05,1.6797371211405414e-05,2.0996714014256767e-05,2.2046549714969608e-05,2.2046549714969608e-05,3.674424952494935e-05,1.36478641092669e-05,2.4146221116395283e-05,4.1993428028513535e-06,1.0498357007128384e-05,2.8345563919246637e-05,2.0996714014256767e-06,0.00011548192707841222,5.8790799239918955e-05,2.4146221116395283e-05,3.674424952494935e-05,0.00010708324147270952,3.569441382423651e-05,3.674424952494935e-05,4.8292442232790567e-05,0.0005081204791450138,0.00034224643843238533,7.873767755346288e-05,6.928915624704733e-05,4.5142935130652054e-05,3.4644578123523665e-05,1.1548192707841223e-05,2.4146221116395283e-05,3.254490672209799e-05,2.72957282185338e-05,2.8345563919246637e-05,3.0445235320672315e-05,2.9395399619959478e-05,4.724260653207773e-05,2.72957282185338e-05,5.45914564370676e-05,7.138882764847302e-05,8.293702035631423e-05,2.2046549714969608e-05,3.674424952494935e-05,1.4697699809979739e-05,2.8345563919246637e-05,9.448521306415546e-06,1.2598028408554062e-05,7.348849904989869e-06,1.1548192707841223e-05,1.7847206912118255e-05,3.989375662708786e-05,2.6245892517820962e-05,1.994687831354393e-05,8.398685605702707e-06,4.1993428028513535e-06,0.0001343789696912433,7.138882764847302e-05,3.149507102138515e-05,1.0498357007128384e-05,0.00013542880539195616,0.00010708324147270952,5.039211363421625e-05,1.36478641092669e-05,0.00018477108332545957,3.359474242281083e-05,2.0996714014256767e-05,3.884392092637502e-05,7.873767755346288e-05,6.29901420427703e-05,5.039211363421625e-05
11,0.00047767524382434146,1.5747535510692576e-05,0.0001501265052019359,0.00020366812593829067,0.00019526944033258794,0.0003632431524466421,5.039211363421625e-05,0.00016587404071262846,0.00015747535510692576,6.403997774348314e-05,0.0,0.0001343789696912433,0.0004020870733730171,0.00038004052365804753,0.00026455859657963527,0.0003842398664608989,0.00046087787261293606,0.0005091703148457266,4.724260653207773e-05,6.613964914490882e-05,4.619277083136489e-05,5.8790799239918955e-05,8.818619885987843e-05,3.674424952494935e-05,1.994687831354393e-05,1.6797371211405414e-05,7.453833475061153e-05,1.8897042612831092e-05,2.2046549714969608e-05,1.4697699809979739e-05,1.994687831354393e-05,0.0,7.348849904989869e-06,1.6797371211405414e-05,6.299014204277031e-06,0.0001007842272684325,6.508981344419598e-05,3.254490672209799e-05,4.09435923278007e-05,0.00011863143418055075,3.359474242281083e-05,3.884392092637502e-05,4.724260653207773e-05,0.0005028713006414496,0.00041573493748228404,7.873767755346288e-05,7.873767755346288e-05,4.09435923278007e-05,3.989375662708786e-05,2.0996714014256767e-05,1.994687831354393e-05,3.569441382423651e-05,3.359474242281083e-05,3.884392092637502e-05,3.7794085225662185e-05,1.7847206912118255e-05,3.989375662708786e-05,2.72957282185338e-05,6.29901420427703e-05,6.718948484562166e-05,9.028587026130411e-05,4.1993428028513535e-05,4.8292442232790567e-05,2.3096385415682446e-05,2.5196056817108124e-05,1.994687831354393e-05,2.9395399619959478e-05,9.448521306415546e-06,1.1548192707841223e-05,1.7847206912118255e-05,3.7794085225662185e-05,3.4644578123523665e-05,1.2598028408554062e-05,1.4697699809979739e-05,7.348849904989869e-06,0.00010603340577199668,7.138882764847302e-05,5.354162073635476e-05,1.1548192707841223e-05,0.0001553756837055001,0.00011338225567698655,5.354162073635476e-05,2.3096385415682446e-05,0.0002372628683611015,4.4093099429939216e-05,3.359474242281083e-05,5.039211363421625e-05,9.028587026130411e-05,5.6691127838493273e-05,5.354162073635476e-05
12,0.000623602406223426,1.8897042612831092e-05,0.00018162157622332104,0.00025301040387179405,0.0003191500530167029,0.0004934227793350341,6.194030634205747e-05,0.00019736911173401362,0.00019736911173401362,0.00020261829023757782,0.00014067798389552036,0.0,0.00010813307717342236,0.0002099671401425677,0.00017532256201904401,0.00022256516855112174,0.0003023526818052975,0.00029920317470315895,5.774096353920611e-05,8.608652745845276e-05,4.1993428028513535e-05,8.608652745845276e-05,7.453833475061153e-05,4.9342277933503404e-05,2.5196056817108124e-05,2.72957282185338e-05,3.569441382423651e-05,2.72957282185338e-05,2.6245892517820962e-05,1.36478641092669e-05,1.8897042612831092e-05,1.2598028408554062e-05,9.448521306415546e-06,4.304326372922638e-05,3.1495071021385155e-06,0.00011968126988126359,0.0001007842272684325,4.304326372922638e-05,4.8292442232790567e-05,0.0001994687831354393,2.72957282185338e-05,4.4093099429939216e-05,5.1441949334929086e-05,0.00039998740197159146,0.0006362004346319801,8.608652745845276e-05,0.0001616746979097771,7.138882764847302e-05,5.354162073635476e-05,2.9395399619959478e-05,4.619277083136489e-05,4.8292442232790567e-05,3.569441382423651e-05,3.254490672209799e-05,5.039211363421625e-05,2.6245892517820962e-05,3.7794085225662185e-05,3.884392092637502e-05,5.6691127838493273e-05,8.818619885987843e-05,0.00012388061268411494,3.569441382423651e-05,3.254490672209799e-05,3.0445235320672315e-05,3.0445235320672315e-05,1.0498357007128384e-05,3.674424952494935e-05,1.7847206912118255e-05,7.348849904989869e-06,3.7794085225662185e-05,2.0996714014256767e-05,1.4697699809979739e-05,1.1548192707841223e-05,6.299014204277031e-06,4.1993428028513535e-06,0.00010183406296914533,0.00015432584800478724,5.8790799239918955e-05,1.6797371211405414e-05,0.0001963192760333008,0.00017007338351547984,7.873767755346288e-05,3.4644578123523665e-05,0.00023936253976252717,5.039211363421625e-05,2.0996714014256767e-05,5.1441949334929086e-05,5.774096353920611e-05,3.989375662708786e-05,4.724260653207773e-05
13,0.0010351380009028586,3.149507102138515e-05,0.0002687579393824866,0.0003485454526366624,0.0004020870733730171,0.0007243866334918585,6.089047064134463e-05,0.0002950038319003076,0.00028870481769603055,0.0003212497244181286,0.0004209841159858482,0.00014907666950122306,0.0,0.00010498357007128385,0.0002372628683611015,0.0004178346088837097,0.00047872507952505434,0.0005196686718528551,0.00010498357007128385,9.973439156771965e-05,4.5142935130652054e-05,0.00012178094128268926,9.238554166272978e-05,5.45914564370676e-05,3.989375662708786e-05,4.9342277933503404e-05,7.978751325417572e-05,4.4093099429939216e-05,5.6691127838493273e-05,1.36478641092669e-05,2.3096385415682446e-05,1.994687831354393e-05,2.2046549714969608e-05,5.1441949334929086e-05,4.1993428028513535e-06,0.00015957502650835144,0.00012912979118767914,8.18871846556014e-05,5.45914564370676e-05,0.00026140908947749675,6.718948484562166e-05,5.8790799239918955e-05,7.243866334918586e-05,0.0007075892622804531,0.0008587656031831018,0.00011443209137769938,0.00017637239771975687,0.00014592716239908454,7.873767755346288e-05,3.884392092637502e-05,4.9342277933503404e-05,7.033899194776018e-05,4.304326372922638e-05,3.254490672209799e-05,3.7794085225662185e-05,2.72957282185338e-05,2.9395399619959478e-05,3.4644578123523665e-05,6.718948484562166e-05,9.343537736344262e-05,0.0002047179616390035,6.29901420427703e-05,7.453833475061153e-05,3.149507102138515e-05,3.254490672209799e-05,2.6245892517820962e-05,3.359474242281083e-05,1.994687831354393e-05,3.149507102138515e-05,1.6797371211405414e-05,2.4146221116395283e-05,2.8345563919246637e-05,2.8345563919246637e-05,1.4697699809979739e-05,9.448521306415546e-06,0.00014592716239908454,0.0001910700975297366,7.558817045132437e-05,2.5196056817108124e-05,0.00028030613209032785,0.00020366812593829067,0.0001469769980997974,3.989375662708786e-05,0.0002677081036817738,9.55350487648683e-05,4.1993428028513535e-05,8.18871846556014e-05,0.0001091829128741352,8.398685605702707e-05,5.774096353920611e-05
14,0.0010508855364135513,2.72957282185338e-05,0.00030760186030886165,0.00034329627413309815,0.00046822672251792594,0.0006834430411640578,4.9342277933503404e-05,0.0002582595823753583,0.0002572097466746454,0.00032859857432311846,0.00048502409372933134,0.00039473822346802723,0.00013857831249409466,0.0,0.00015432584800478724,0.0002929041604988819,0.00035379463114022656,0.00034224643843238533,9.973439156771965e-05,7.978751325417572e-05,5.8790799239918955e-05,9.448521306415546e-05,0.00011023274857484803,4.9342277933503404e-05,3.149507102138515e-05,6.194030634205747e-05,9.763472016629397e-05,3.4644578123523665e-05,3.359474242281083e-05,1.4697699809979739e-05,3.989375662708786e-05,1.8897042612831092e-05,1.7847206912118255e-05,5.45914564370676e-05,9.448521306415546e-06,0.00014382749099765886,0.00015117634090264874,7.34884990498987e-05,4.5142935130652054e-05,0.0002624589251782096,4.5142935130652054e-05,4.724260653207773e-05,6.928915624704733e-05,0.0004640273797150746,0.000896559688408764,8.71363631591656e-05,0.00020366812593829067,0.00011653176277912507,7.138882764847302e-05,3.359474242281083e-05,5.8790799239918955e-05,6.403997774348314e-05,7.033899194776018e-05,5.354162073635476e-05,5.984063494063179e-05,3.254490672209799e-05,3.569441382423651e-05,4.9342277933503404e-05,8.608652745845276e-05,9.868455586700681e-05,0.0001774222334204697,5.6691127838493273e-05,5.8790799239918955e-05,1.994687831354393e-05,3.254490672209799e-05,1.5747535510692576e-05,1.5747535510692576e-05,1.2598028408554062e-05,1.7847206912118255e-05,1.2598028408554062e-05,3.569441382423651e-05,1.994687831354393e-05,3.359474242281083e-05,4.1993428028513535e-06,1.0498357007128384e-06,0.00016482420501191564,0.00018162157622332104,7.66380061520372e-05,3.149507102138515e-05,0.0002845054748931792,0.00022991401845611162,0.00013017962688839196,3.569441382423651e-05,0.00036429298814735496,5.774096353920611e-05,1.6797371211405414e-05,4.724260653207773e-05,8.608652745845276e-05,6.823932054633449e-05,4.304326372922638e-05
15,0.0005627119355820815,1.5747535510692576e-05,0.00014277765529694604,0.00018477108332545957,0.00022886418275539877,0.00034539594553452386,3.4644578123523665e-05,0.00015222617660336156,0.0001007842272684325,0.00013647864109266899,0.00022256516855112174,0.00020891730444185484,0.00026140908947749675,8.71363631591656e-05,0.0,8.503669175773992e-05,0.0002047179616390035,0.00019316976893116227,3.569441382423651e-05,4.5142935130652054e-05,1.994687831354393e-05,4.5142935130652054e-05,4.9342277933503404e-05,1.4697699809979739e-05,2.2046549714969608e-05,2.8345563919246637e-05,5.1441949334929086e-05,2.6245892517820962e-05,3.0445235320672315e-05,1.36478641092669e-05,9.448521306415546e-06,4.1993428028513535e-06,3.1495071021385155e-06,3.0445235320672315e-05,5.249178503564192e-06,8.503669175773992e-05,8.398685605702707e-05,3.359474242281083e-05,2.6245892517820962e-05,0.00015747535510692576,2.3096385415682446e-05,2.72957282185338e-05,3.569441382423651e-05,0.0002488110610689427,0.00047137622962006447,5.354162073635476e-05,0.00013857831249409466,7.66380061520372e-05,5.774096353920611e-05,2.8345563919246637e-05,4.1993428028513535e-05,5.039211363421625e-05,4.9342277933503404e-05,3.7794085225662185e-05,3.0445235320672315e-05,1.8897042612831092e-05,3.359474242281083e-05,1.6797371211405414e-05,5.984063494063179e-05,6.089047064134463e-05,0.00010183406296914533,3.4644578123523665e-05,1.7847206912118255e-05,6.299014204277031e-06,2.2046549714969608e-05,7.348849904989869e-06,7.348849904989869e-06,5.249178503564192e-06,1.36478641092669e-05,1.4697699809979739e-05,1.6797371211405414e-05,1.5747535510692576e-05,1.0498357007128384e-05,2.0996714014256767e-06,2.0996714014256767e-06,8.18871846556014e-05,0.00010708324147270952,3.7794085225662185e-05,1.36478641092669e-05,0.00017007338351547984,0.0001396281481948075,8.71363631591656e-05,3.149507102138515e-05,0.00011863143418055075,3.254490672209799e-05,1.36478641092669e-05,1.8897042612831092e-05,4.4093099429939216e-05,3.254490672209799e-05,2.6245892517820962e-05
16,0.0008818619885987843,2.72957282185338e-05,0.00020261829023757782,0.0003044523532067231,0.000409435923278007,0.0005007716292400239,4.724260653207773e-05,0.00019841894743472647,0.00017847206912118254,0.0002236150042518346,0.0003327979171259698,0.0002929041604988819,0.000448279844204382,0.0002708576107839123,8.18871846556014e-05,0.0,0.0001637743693112028,0.00024671138966751705,8.083734895488856e-05,8.71363631591656e-05,2.72957282185338e-05,7.873767755346288e-05,5.45914564370676e-05,3.989375662708786e-05,2.3096385415682446e-05,3.569441382423651e-05,7.453833475061153e-05,4.1993428028513535e-05,4.619277083136489e-05,1.4697699809979739e-05,2.5196056817108124e-05,5.249178503564192e-06,4.1993428028513535e-06,2.8345563919246637e-05,4.1993428028513535e-06,9.658488446558113e-05,9.55350487648683e-05,5.45914564370676e-05,3.254490672209799e-05,0.00021941566144898324,2.9395399619959478e-05,4.5142935130652054e-05,5.039211363421625e-05,0.00046087787261293606,0.0007191374549882943,6.508981344419598e-05,0.0001448773266983717,0.00011233241997627371,8.18871846556014e-05,1.994687831354393e-05,4.4093099429939216e-05,6.718948484562166e-05,3.359474242281083e-05,3.0445235320672315e-05,3.359474242281083e-05,3.989375662708786e-05,3.7794085225662185e-05,2.3096385415682446e-05,5.5641292137780436e-05,5.354162073635476e-05,0.0001501265052019359,4.619277083136489e-05,4.8292442232790567e-05,2.0996714014256767e-05,2.4146221116395283e-05,1.6797371211405414e-05,1.2598028408554062e-05,1.36478641092669e-05,1.7847206912118255e-05,2.2046549714969608e-05,2.0996714014256767e-05,5.249178503564192e-06,2.4146221116395283e-05,1.7847206912118255e-05,8.398685605702707e-06,0.00010393373437057101,0.00020051861883615214,7.768784185275004e-05,2.3096385415682446e-05,0.00022466483995254742,0.00016587404071262846,0.00011548192707841222,3.0445235320672315e-05,0.00020681763304042917,5.8790799239918955e-05,2.72957282185338e-05,3.884392092637502e-05,6.089047064134463e-05,6.823932054633449e-05,4.5142935130652054e-05
17,0.0010939288001427776,3.569441382423651e-05,0.00029080448909745625,0.000376891016555909,0.00040313690907373,0.0005207185075535678,5.774096353920611e-05,0.00023621303266038865,0.00021206681154399337,0.00024356188256537852,0.000383190030760186,0.0003464457812352367,0.0004314824729929766,0.0002845054748931792,0.00019002026182902377,0.00015222617660336156,0.0,0.00011338225567698655,9.343537736344262e-05,0.00011338225567698655,4.09435923278007e-05,7.873767755346288e-05,8.398685605702707e-05,3.359474242281083e-05,3.4644578123523665e-05,4.5142935130652054e-05,8.818619885987843e-05,5.354162073635476e-05,3.674424952494935e-05,1.7847206912118255e-05,2.6245892517820962e-05,6.299014204277031e-06,7.348849904989869e-06,2.3096385415682446e-05,3.1495071021385155e-06,0.00017112321921619266,0.00012073110558197642,8.293702035631423e-05,5.1441949334929086e-05,0.0003002530104038718,4.09435923278007e-05,4.1993428028513535e-05,6.089047064134463e-05,0.0005354162073635476,0.0009584999947508215,0.00011233241997627371,0.00015747535510692576,0.00010498357007128385,8.818619885987843e-05,3.0445235320672315e-05,3.884392092637502e-05,4.724260653207773e-05,5.1441949334929086e-05,3.569441382423651e-05,6.403997774348314e-05,3.0445235320672315e-05,3.569441382423651e-05,3.884392092637502e-05,7.453833475061153e-05,6.403997774348314e-05,0.0001637743693112028,4.4093099429939216e-05,5.039211363421625e-05,1.7847206912118255e-05,1.8897042612831092e-05,3.1495071021385155e-06,1.8897042612831092e-05,1.5747535510692576e-05,2.5196056817108124e-05,1.7847206912118255e-05,2.6245892517820962e-05,2.4146221116395283e-05,9.448521306415546e-06,2.2046549714969608e-05,4.1993428028513535e-06,0.00014382749099765886,0.00018687075472688524,6.928915624704733e-05,2.72957282185338e-05,0.00019002026182902377,0.00014277765529694604,0.0001091829128741352,3.569441382423651e-05,0.00038004052365804753,6.928915624704733e-05,2.2046549714969608e-05,2.9395399619959478e-05,6.403997774348314e-05,6.718948484562166e-05,4.619277083136489e-05
18,0.0023232864056775115,0.00018687075472688524,0.0006204528991212875,0.0008860613314016357,0.0010193904653921662,0.0015222617660336157,0.00017322289061761834,0.0006320010918291287,0.000682393205463345,0.0005102201505464395,0.0006750443555583551,0.0005102201505464395,0.0006634961628505139,0.00041468510178157116,0.0002047179616390035,0.0003390969313302468,0.00023621303266038865,0.0,0.00023411336125896297,0.00024041237546324,0.00012807995548696629,0.0002498608967696556,0.0002519605681710812,0.00012807995548696629,0.0001259802840855406,0.0001259802840855406,0.00018687075472688524,0.00010183406296914533,4.9342277933503404e-05,2.72957282185338e-05,4.4093099429939216e-05,1.2598028408554062e-05,1.2598028408554062e-05,3.7794085225662185e-05,4.1993428028513535e-06,0.00032649890292169275,0.0002929041604988819,0.00018897042612831092,0.00012073110558197642,0.0006771440269597808,9.238554166272978e-05,0.00011233241997627371,0.0001249304483848278,0.0014214775387651833,0.002150063515059893,0.00020891730444185484,0.0004377814871972536,0.0003474956169359495,0.00023936253976252717,0.00010603340577199668,0.00011653176277912507,0.0001501265052019359,0.00010813307717342236,9.448521306415546e-05,9.55350487648683e-05,4.8292442232790567e-05,6.823932054633449e-05,5.984063494063179e-05,9.343537736344262e-05,8.818619885987843e-05,0.00045772836551079754,0.0001469769980997974,0.00012388061268411494,3.884392092637502e-05,6.403997774348314e-05,2.3096385415682446e-05,2.9395399619959478e-05,2.5196056817108124e-05,3.4644578123523665e-05,3.4644578123523665e-05,7.453833475061153e-05,1.994687831354393e-05,2.4146221116395283e-05,7.348849904989869e-06,1.5747535510692576e-05,0.0003600936453445036,0.00041363526608085833,0.00020261829023757782,6.508981344419598e-05,0.0005574627570785172,0.00044093099429939214,0.00035904380964379073,0.00011758159847983791,0.0009448521306415546,0.0001606248622090643,4.8292442232790567e-05,5.1441949334929086e-05,0.0001469769980997974,0.00019002026182902377,0.00011653176277912507
19,0.00011548192707841222,2.0996714014256767e-06,7.348849904989869e-06,3.884392092637502e-05,4.724260653207773e-05,0.00011863143418055075,3.4644578123523665e-05,3.359474242281083e-05,0.00020891730444185484,5.8790799239918955e-05,0.00011968126988126359,7.34884990498987e-05,6.823932054633449e-05,5.039211363421625e-05,3.569441382423651e-05,3.7794085225662185e-05,3.254490672209799e-05,4.9342277933503404e-05,0.0,4.8292442232790567e-05,0.00012703011978625346,0.0006540476415440984,0.0007432836761046897,0.0005186188361521422,0.00016272453361048996,0.0006152037206177233,0.0012640021836582574,0.001344839532613146,0.0018813055756774066,0.0009710980231593756,0.002734822000356944,0.0005081204791450138,0.0008755629743945072,0.0024534660325659036,0.0004976221221378854,0.0001091829128741352,6.718948484562166e-05,3.569441382423651e-05,0.00010708324147270952,1.1548192707841223e-05,1.6797371211405414e-05,2.4146221116395283e-05,5.774096353920611e-05,0.0003989375662708786,4.4093099429939216e-05,0.00015852519080763861,0.0002761067892874765,0.00026350876087892245,0.00020261829023757782,0.00018162157622332104,0.00025615991097393257,0.00022046549714969607,0.0002320136898575373,0.00024356188256537852,0.00020786746874114202,0.0001343789696912433,0.0002183658257482704,0.00016797371211405414,0.0002876549819953177,0.0002782064606889022,3.0445235320672315e-05,6.718948484562166e-05,2.4146221116395283e-05,1.0498357007128384e-05,2.5196056817108124e-05,5.249178503564192e-06,1.0498357007128384e-05,1.5747535510692576e-05,3.0445235320672315e-05,2.72957282185338e-05,1.36478641092669e-05,2.5196056817108124e-05,8.398685605702707e-06,7.348849904989869e-06,5.249178503564192e-06,9.028587026130411e-05,0.00022991401845611162,0.0002183658257482704,3.359474242281083e-05,0.000169023547814767,0.00026140908947749675,0.00016692387641334131,0.00017007338351547984,0.0007936757897389059,9.343537736344262e-05,1.6797371211405414e-05,3.149507102138515e-05,7.453833475061153e-05,6.089047064134463e-05,0.00010813307717342236
20,3.569441382423651e-05,6.299014204277031e-06,1.1548192707841223e-05,2.72957282185338e-05,6.823932054633449e-05,0.00011023274857484803,5.1441949334929086e-05,4.5142935130652054e-05,0.00012807995548696629,6.613964914490882e-05,0.00010288389866985817,6.29901420427703e-05,5.8790799239918955e-05,4.724260653207773e-05,3.569441382423651e-05,4.619277083136489e-05,4.09435923278007e-05,6.508981344419598e-05,3.884392092637502e-05,0.0,4.619277083136489e-05,0.0004650772154157874,0.0005711106211877842,0.0004934227793350341,0.00019421960463187512,0.0006204528991212875,0.0011485202565798454,0.001058234386318541,0.0015149129161286259,0.0007884266112353417,0.0027442705216633597,0.00035904380964379073,0.0007170377835868687,0.0021427146651549034,0.00040733625187658134,7.138882764847302e-05,3.569441382423651e-05,2.3096385415682446e-05,3.359474242281083e-05,9.448521306415546e-06,2.4146221116395283e-05,1.994687831354393e-05,2.5196056817108124e-05,0.00019841894743472647,7.558817045132437e-05,5.354162073635476e-05,0.00015222617660336156,0.0001396281481948075,0.00012703011978625346,0.0001742727263183312,0.00011023274857484803,9.028587026130411e-05,0.00011863143418055075,8.71363631591656e-05,0.0001007842272684325,6.403997774348314e-05,8.818619885987843e-05,7.768784185275004e-05,0.00012283077698340208,0.00015852519080763861,2.0996714014256767e-05,8.398685605702707e-06,1.994687831354393e-05,2.2046549714969608e-05,5.1441949334929086e-05,1.4697699809979739e-05,3.674424952494935e-05,3.0445235320672315e-05,3.254490672209799e-05,3.4644578123523665e-05,3.0445235320672315e-05,3.359474242281083e-05,2.72957282185338e-05,3.149507102138515e-05,9.448521306415546e-06,8.398685605702707e-05,6.508981344419598e-05,4.724260653207773e-05,1.8897042612831092e-05,0.00016692387641334131,0.0001333291339905305,0.00011023274857484803,0.00015642551940621294,0.0008293702035631423,0.00017217305491690552,4.304326372922638e-05,8.818619885987843e-05,0.00011128258427556087,0.00016482420501191564,0.00020051861883615214
21,7.66380061520372e-05,8.398685605702707e-06,1.994687831354393e-05,4.09435923278007e-05,2.6245892517820962e-05,8.608652745845276e-05,4.09435923278007e-05,2.72957282185338e-05,0.00013542880539195616,5.8790799239918955e-05,0.00010813307717342236,5.774096353920611e-05,7.34884990498987e-05,6.508981344419598e-05,5.039211363421625e-05,4.619277083136489e-05,6.089047064134463e-05,9.763472016629397e-05,0.0001091829128741352,5.039211363421625e-05,0.0,8.293702035631423e-05,0.0002929041604988819,0.0003390969313302468,0.0001553756837055001,0.0005427650572685375,0.0008913105099051999,0.00080627381814746,0.0011075766642520445,0.0006393499417341186,0.0019201494966037814,0.00032859857432311846,0.0005280673574585578,0.0014792185023043893,0.0003139008745131387,0.0002687579393824866,7.978751325417572e-05,4.4093099429939216e-05,6.194030634205747e-05,2.0996714014256767e-05,4.5142935130652054e-05,3.4644578123523665e-05,6.613964914490882e-05,0.0011495700922805581,8.398685605702707e-05,0.00011548192707841222,0.00011443209137769938,0.00018057174052260822,0.00026560843228034815,0.00018162157622332104,0.0003044523532067231,0.0002572097466746454,0.00027400711788605085,0.00035904380964379073,0.0003905388806651759,0.00021416648294541904,0.0002950038319003076,0.00024356188256537852,0.0005144194933492908,0.0005658614426842199,3.674424952494935e-05,1.6797371211405414e-05,3.674424952494935e-05,3.569441382423651e-05,3.569441382423651e-05,1.7847206912118255e-05,3.0445235320672315e-05,4.304326372922638e-05,3.884392092637502e-05,3.674424952494935e-05,4.09435923278007e-05,3.359474242281083e-05,2.72957282185338e-05,2.3096385415682446e-05,1.7847206912118255e-05,0.0003128510388124259,7.558817045132437e-05,0.0001343789696912433,2.2046549714969608e-05,0.00013227929828981764,0.0002593094180760711,9.658488446558113e-05,0.0001469769980997974,0.0006204528991212875,9.55350487648683e-05,4.304326372922638e-05,5.45914564370676e-05,8.503669175773992e-05,0.0001259802840855406,0.0001091829128741352
22,0.00015852519080763861,1.1548192707841223e-05,1.1548192707841223e-05,3.254490672209799e-05,4.8292442232790567e-05,3.4644578123523665e-05,2.9395399619959478e-05,2.2046549714969608e-05,0.0001249304483848278,4.8292442232790567e-05,7.243866334918586e-05,5.45914564370676e-05,5.6691127838493273e-05,3.0445235320672315e-05,2.2046549714969608e-05,3.674424952494935e-05,3.989375662708786e-05,5.039211363421625e-05,0.00033489758852739545,0.00040313690907373,3.989375662708786e-05,0.0,9.028587026130411e-05,0.00026350876087892245,0.00015432584800478724,0.0004724260653207773,0.0007632305544182336,0.0008860613314016357,0.0010949786358434904,0.0005900076638006152,0.002150063515059893,0.0003034025175060103,0.0005994561851070308,0.0016807869568412543,0.0002939539961995948,0.00014067798389552036,4.304326372922638e-05,2.4146221116395283e-05,4.1993428028513535e-05,8.398685605702707e-06,1.0498357007128384e-05,2.3096385415682446e-05,2.9395399619959478e-05,0.0003044523532067231,0.00016272453361048996,6.194030634205747e-05,9.973439156771965e-05,3.149507102138515e-05,3.7794085225662185e-05,0.00014382749099765886,3.4644578123523665e-05,4.09435923278007e-05,4.1993428028513535e-05,3.254490672209799e-05,5.45914564370676e-05,3.254490672209799e-05,5.1441949334929086e-05,5.1441949334929086e-05,7.138882764847302e-05,6.928915624704733e-05,4.1993428028513535e-05,1.994687831354393e-05,2.4146221116395283e-05,9.448521306415546e-06,1.8897042612831092e-05,1.2598028408554062e-05,3.359474242281083e-05,2.72957282185338e-05,3.4644578123523665e-05,4.09435923278007e-05,2.72957282185338e-05,2.0996714014256767e-05,2.3096385415682446e-05,2.6245892517820962e-05,1.5747535510692576e-05,0.0001396281481948075,0.00017952190482189536,0.0003495952883373752,2.0996714014256767e-05,0.00011128258427556087,5.6691127838493273e-05,5.6691127838493273e-05,0.00013227929828981764,0.0006309512561284159,8.18871846556014e-05,3.7794085225662185e-05,6.928915624704733e-05,9.448521306415546e-05,0.00010603340577199668,0.00013647864109266899
23,0.00017112321921619266,1.2598028408554062e-05,1.4697699809979739e-05,3.149507102138515e-05,1.2598028408554062e-05,9.133570596201695e-05,2.72957282185338e-05,1.2598028408554062e-05,8.923603456059127e-05,3.989375662708786e-05,9.973439156771965e-05,5.039211363421625e-05,5.5641292137780436e-05,2.6245892517820962e-05,1.5747535510692576e-05,2.0996714014256767e-05,2.3096385415682446e-05,3.989375662708786e-05,0.00037794085225662183,0.00047662540812362864,0.00012807995548696629,7.978751325417572e-05,0.0,8.398685605702707e-05,0.00012073110558197642,0.000533316535962122,0.0008220213536581525,0.00079892496824247,0.0010109917797864634,0.0006435492845369699,0.002209904150000525,0.0003044523532067231,0.0005648116069835071,0.0017794715127082612,0.0003233493958195542,0.00019526944033258794,7.34884990498987e-05,4.09435923278007e-05,9.658488446558113e-05,2.3096385415682446e-05,2.5196056817108124e-05,3.359474242281083e-05,4.619277083136489e-05,0.000617303392019149,0.00018162157622332104,0.00014277765529694604,9.973439156771965e-05,9.763472016629397e-05,2.4146221116395283e-05,0.0001091829128741352,4.1993428028513535e-05,3.7794085225662185e-05,5.774096353920611e-05,3.884392092637502e-05,5.774096353920611e-05,4.4093099429939216e-05,6.403997774348314e-05,4.1993428028513535e-05,7.873767755346288e-05,0.00010288389866985817,4.1993428028513535e-05,2.72957282185338e-05,4.724260653207773e-05,1.2598028408554062e-05,4.9342277933503404e-05,1.1548192707841223e-05,3.674424952494935e-05,2.9395399619959478e-05,3.359474242281083e-05,3.254490672209799e-05,2.5196056817108124e-05,1.8897042612831092e-05,2.5196056817108124e-05,2.5196056817108124e-05,1.1548192707841223e-05,0.00017532256201904401,0.0002866051462946049,0.0003821401950594732,1.5747535510692576e-05,8.503669175773992e-05,6.403997774348314e-05,6.403997774348314e-05,0.00012388061268411494,0.00037794085225662183,0.00011758159847983791,3.884392092637502e-05,7.138882764847302e-05,0.0001007842272684325,0.00010393373437057101,0.00012912979118767914
24,0.0001091829128741352,1.4697699809979739e-05,2.4146221116395283e-05,4.8292442232790567e-05,3.674424952494935e-05,4.619277083136489e-05,3.254490672209799e-05,2.5196056817108124e-05,3.989375662708786e-05,2.5196056817108124e-05,5.774096353920611e-05,4.8292442232790567e-05,3.0445235320672315e-05,2.4146221116395283e-05,1.0498357007128384e-05,1.7847206912118255e-05,2.0996714014256767e-05,4.304326372922638e-05,0.0002540602395725069,0.00040523658047515563,0.0001259802840855406,0.00021521631864613187,8.923603456059127e-05,0.0,3.569441382423651e-05,0.0003401467670309597,0.0005742601282899227,0.0005679611140856456,0.0007338351547982741,0.0004671768868172131,0.0018088669123282207,0.0002498608967696556,0.0003936883877673144,0.0012577031694539804,0.0001910700975297366,0.0001480268338005102,7.243866334918586e-05,5.039211363421625e-05,0.00011233241997627371,1.36478641092669e-05,2.8345563919246637e-05,1.994687831354393e-05,3.254490672209799e-05,0.000637250270332693,0.0001417278195962332,0.00019211993323044944,0.00013227929828981764,3.7794085225662185e-05,6.29901420427703e-05,4.1993428028513535e-05,2.5196056817108124e-05,3.884392092637502e-05,4.1993428028513535e-05,2.9395399619959478e-05,5.45914564370676e-05,1.994687831354393e-05,3.7794085225662185e-05,2.8345563919246637e-05,6.29901420427703e-05,8.293702035631423e-05,2.8345563919246637e-05,1.2598028408554062e-05,2.0996714014256767e-05,1.8897042612831092e-05,2.0996714014256767e-05,2.5196056817108124e-05,1.6797371211405414e-05,1.2598028408554062e-05,2.2046549714969608e-05,2.5196056817108124e-05,8.398685605702707e-06,9.448521306415546e-06,1.6797371211405414e-05,1.2598028408554062e-05,7.348849904989869e-06,0.00015222617660336156,0.0001469769980997974,0.00023831270406181432,9.448521306415546e-06,7.66380061520372e-05,5.2491785035641923e-05,2.9395399619959478e-05,2.6245892517820962e-05,0.0001249304483848278,4.8292442232790567e-05,2.6245892517820962e-05,3.989375662708786e-05,6.508981344419598e-05,5.6691127838493273e-05,9.238554166272978e-05
25,0.00018687075472688524,9.448521306415546e-06,4.09435923278007e-05,5.45914564370676e-05,6.089047064134463e-05,7.768784185275004e-05,6.299014204277031e-06,1.5747535510692576e-05,8.818619885987843e-05,2.72957282185338e-05,5.354162073635476e-05,4.619277083136489e-05,3.989375662708786e-05,3.674424952494935e-05,3.254490672209799e-05,3.0445235320672315e-05,5.1441949334929086e-05,8.293702035631423e-05,0.00030760186030886165,0.0006278017490262774,0.0002183658257482704,0.00047767524382434146,0.0003306982457245441,7.453833475061153e-05,0.0,0.00013017962688839196,0.00041573493748228404,0.0005112699862471524,0.0006540476415440984,0.00043463198009511514,0.0015243614374350414,0.00023516319695967582,0.00031600054591456435,0.0010886796216392134,0.00014907666950122306,0.00013857831249409466,9.55350487648683e-05,4.619277083136489e-05,0.00017112321921619266,3.149507102138515e-05,2.2046549714969608e-05,3.4644578123523665e-05,4.4093099429939216e-05,0.0006257020776248518,0.00018897042612831092,0.0002708576107839123,0.00019421960463187512,7.66380061520372e-05,3.4644578123523665e-05,8.818619885987843e-05,5.354162073635476e-05,3.359474242281083e-05,4.4093099429939216e-05,7.243866334918586e-05,9.973439156771965e-05,4.8292442232790567e-05,6.29901420427703e-05,5.5641292137780436e-05,0.00012178094128268926,0.0001091829128741352,3.4644578123523665e-05,2.8345563919246637e-05,2.4146221116395283e-05,1.36478641092669e-05,2.8345563919246637e-05,1.994687831354393e-05,3.569441382423651e-05,2.0996714014256767e-05,2.6245892517820962e-05,2.2046549714969608e-05,2.2046549714969608e-05,1.6797371211405414e-05,1.4697699809979739e-05,2.72957282185338e-05,2.0996714014256767e-05,0.0001532760123040744,0.00020366812593829067,0.00033174808142525693,1.7847206912118255e-05,0.00017112321921619266,0.00011863143418055075,3.569441382423651e-05,7.768784185275004e-05,0.0003569441382423651,7.243866334918586e-05,3.254490672209799e-05,6.194030634205747e-05,0.00010393373437057101,0.00011233241997627371,0.0001606248622090643
26,0.00011233241997627371,1.8897042612831092e-05,2.2046549714969608e-05,5.774096353920611e-05,4.5142935130652054e-05,8.608652745845276e-05,2.4146221116395283e-05,3.0445235320672315e-05,5.5641292137780436e-05,1.7847206912118255e-05,2.6245892517820962e-05,3.149507102138515e-05,3.7794085225662185e-05,3.4644578123523665e-05,1.5747535510692576e-05,2.72957282185338e-05,4.8292442232790567e-05,5.1441949334929086e-05,0.0002687579393824866,0.000448279844204382,0.0001826714119240339,0.00040523658047515563,0.00040628641617586846,0.00026350876087892245,4.4093099429939216e-05,0.0,0.00020786746874114202,0.0002782064606889022,0.00035904380964379073,0.00024041237546324,0.0007327853190975612,0.00011443209137769938,0.00018372124762474671,0.0006414496131355443,9.343537736344262e-05,0.0001343789696912433,0.00011233241997627371,4.619277083136489e-05,0.00017637239771975687,2.2046549714969608e-05,3.7794085225662185e-05,5.5641292137780436e-05,6.089047064134463e-05,0.0006928915624704734,0.00018162157622332104,0.0002372628683611015,0.00021626615434684472,0.00012703011978625346,6.194030634205747e-05,5.774096353920611e-05,3.149507102138515e-05,3.569441382423651e-05,4.304326372922638e-05,4.9342277933503404e-05,5.984063494063179e-05,3.254490672209799e-05,3.7794085225662185e-05,3.674424952494935e-05,9.133570596201695e-05,9.55350487648683e-05,5.8790799239918955e-05,3.0445235320672315e-05,5.039211363421625e-05,3.149507102138515e-05,3.569441382423651e-05,1.8897042612831092e-05,3.0445235320672315e-05,9.448521306415546e-06,3.359474242281083e-05,1.6797371211405414e-05,1.6797371211405414e-05,1.36478641092669e-05,1.36478641092669e-05,1.1548192707841223e-05,8.398685605702707e-06,0.0001333291339905305,0.00018372124762474671,0.00025615991097393257,1.7847206912118255e-05,0.00011023274857484803,9.238554166272978e-05,5.039211363421625e-05,5.6691127838493273e-05,0.0001396281481948075,9.343537736344262e-05,2.3096385415682446e-05,5.774096353920611e-05,0.00010393373437057101,7.978751325417572e-05,9.763472016629397e-05
27,0.00015117634090264874,4.1993428028513535e-06,4.4093099429939216e-05,7.453833475061153e-05,8.923603456059127e-05,0.00011863143418055075,2.8345563919246637e-05,4.4093099429939216e-05,0.00010393373437057101,2.5196056817108124e-05,7.558817045132437e-05,1.5747535510692576e-05,2.3096385415682446e-05,2.6245892517820962e-05,1.4697699809979739e-05,2.72957282185338e-05,3.254490672209799e-05,4.5142935130652054e-05,0.0004178346088837097,0.0007254364691925714,0.00028240580349175355,0.0005921073352020408,0.0005564129213778044,0.0004010372376723043,0.00011338225567698655,0.00016692387641334131,0.0,0.00019841894743472647,0.00037899068795733466,0.0003957880591687401,0.0014592716239908454,0.00021206681154399337,0.000376891016555909,0.0012262080984325953,0.00021101697584328052,0.0001448773266983717,0.0001606248622090643,5.5641292137780436e-05,0.00022886418275539877,2.72957282185338e-05,4.304326372922638e-05,7.033899194776018e-05,7.34884990498987e-05,0.0011096763356534703,0.0002866051462946049,0.0003128510388124259,0.00032544906722097993,0.00017847206912118254,9.973439156771965e-05,0.00012073110558197642,3.149507102138515e-05,6.194030634205747e-05,4.5142935130652054e-05,3.4644578123523665e-05,4.9342277933503404e-05,3.7794085225662185e-05,6.508981344419598e-05,5.45914564370676e-05,9.868455586700681e-05,9.028587026130411e-05,0.0001091829128741352,5.354162073635476e-05,6.928915624704733e-05,4.09435923278007e-05,5.2491785035641923e-05,1.8897042612831092e-05,5.1441949334929086e-05,1.7847206912118255e-05,3.884392092637502e-05,1.0498357007128384e-05,1.1548192707841223e-05,1.6797371211405414e-05,2.9395399619959478e-05,2.5196056817108124e-05,1.1548192707841223e-05,0.0001637743693112028,0.0003474956169359495,0.00048502409372933134,3.0445235320672315e-05,0.00024776122536822987,0.00020261829023757782,8.293702035631423e-05,0.00010708324147270952,0.0003044523532067231,0.00012807995548696629,5.354162073635476e-05,0.00011758159847983791,0.0001637743693112028,0.00016692387641334131,0.0001417278195962332
28,0.0001417278195962332,1.36478641092669e-05,3.989375662708786e-05,5.354162073635476e-05,7.033899194776018e-05,0.00011653176277912507,2.6245892517820962e-05,4.304326372922638e-05,0.00011968126988126359,1.8897042612831092e-05,2.4146221116395283e-05,2.5196056817108124e-05,1.994687831354393e-05,1.5747535510692576e-05,2.0996714014256767e-05,1.6797371211405414e-05,1.2598028408554062e-05,2.2046549714969608e-05,0.00048712376513075704,0.0008167721751545883,0.00028240580349175355,0.0006288515847269902,0.0006152037206177233,0.0004262332944894124,0.00012703011978625346,0.00026140908947749675,0.00021731599004755757,0.0,0.00022256516855112174,0.0003107513674110002,0.0009564003233493958,0.00017952190482189536,0.0003139008745131387,0.0008713636315916559,0.00014277765529694604,0.00017112321921619266,0.0001532760123040744,5.1441949334929086e-05,0.00022151533285040892,3.674424952494935e-05,5.039211363421625e-05,7.138882764847302e-05,7.243866334918586e-05,0.0007779282542282132,0.00025615991097393257,0.0002845054748931792,0.0002698077750831995,0.00018477108332545957,9.658488446558113e-05,0.00012073110558197642,3.359474242281083e-05,3.359474242281083e-05,4.9342277933503404e-05,3.359474242281083e-05,5.8790799239918955e-05,1.994687831354393e-05,4.1993428028513535e-05,2.6245892517820962e-05,5.984063494063179e-05,6.718948484562166e-05,9.343537736344262e-05,4.724260653207773e-05,5.45914564370676e-05,3.149507102138515e-05,3.884392092637502e-05,1.2598028408554062e-05,4.8292442232790567e-05,1.0498357007128384e-05,1.6797371211405414e-05,1.0498357007128384e-05,1.0498357007128384e-05,7.348849904989869e-06,1.5747535510692576e-05,1.5747535510692576e-05,1.2598028408554062e-05,0.00017112321921619266,0.00039998740197159146,0.000525967686057132,3.674424952494935e-05,0.00024566155396680417,0.00019421960463187512,9.973439156771965e-05,0.00013857831249409466,0.00030970153171028735,0.00011653176277912507,4.9342277933503404e-05,8.293702035631423e-05,0.00012073110558197642,0.0001480268338005102,0.0001343789696912433
29,0.00016692387641334131,2.5196056817108124e-05,4.1993428028513535e-05,6.194030634205747e-05,7.34884990498987e-05,0.00011968126988126359,3.7794085225662185e-05,3.884392092637502e-05,0.00013647864109266899,3.989375662708786e-05,3.989375662708786e-05,3.254490672209799e-05,2.6245892517820962e-05,2.4146221116395283e-05,2.3096385415682446e-05,2.3096385415682446e-05,2.6245892517820962e-05,3.149507102138515e-05,0.000649848298741247,0.0009826462158672167,0.00029080448909745625,0.0007233367977911456,0.0006750443555583551,0.0004472300085036692,0.00015852519080763861,0.0002519605681710812,0.00034434610983381103,0.00015747535510692576,0.0,0.0002593094180760711,0.0007842272684324903,0.00022571467565326027,0.00032649890292169275,0.0009522009805465445,0.00019526944033258794,0.00015117634090264874,0.0001469769980997974,5.774096353920611e-05,0.00025301040387179405,3.0445235320672315e-05,6.29901420427703e-05,7.34884990498987e-05,6.928915624704733e-05,0.0008976095241094769,0.000305502188907436,0.00034539594553452386,0.00031705038161527723,0.00018687075472688524,0.0001448773266983717,0.00015852519080763861,1.7847206912118255e-05,2.72957282185338e-05,8.18871846556014e-05,3.989375662708786e-05,3.7794085225662185e-05,2.5196056817108124e-05,1.994687831354393e-05,2.72957282185338e-05,3.0445235320672315e-05,5.1441949334929086e-05,0.0001259802840855406,5.774096353920611e-05,8.608652745845276e-05,3.7794085225662185e-05,3.569441382423651e-05,1.2598028408554062e-05,4.619277083136489e-05,1.8897042612831092e-05,1.994687831354393e-05,1.36478641092669e-05,1.36478641092669e-05,1.4697699809979739e-05,1.6797371211405414e-05,1.5747535510692576e-05,7.348849904989869e-06,0.00013857831249409466,0.00047767524382434146,0.0006330509275298416,3.149507102138515e-05,0.00018582091902617242,0.0001417278195962332,0.00011548192707841222,0.00015747535510692576,0.0002687579393824866,0.00013647864109266899,5.2491785035641923e-05,7.138882764847302e-05,0.0001259802840855406,0.0001312294625891048,0.00012703011978625346
30,8.608652745845276e-05,1.1548192707841223e-05,1.6797371211405414e-05,4.619277083136489e-05,3.4644578123523665e-05,7.033899194776018e-05,3.149507102138515e-05,2.6245892517820962e-05,8.503669175773992e-05,1.994687831354393e-05,2.6245892517820962e-05,1.36478641092669e-05,1.36478641092669e-05,6.299014204277031e-06,8.398685605702707e-06,9.448521306415546e-06,1.4697699809979739e-05,2.2046549714969608e-05,0.0003464457812352367,0.0005291171931592705,0.00018477108332545957,0.0003758411808551962,0.00041573493748228404,0.00025301040387179405,9.343537736344262e-05,0.00016692387641334131,0.0003464457812352367,0.0002488110610689427,0.00022151533285040892,0.0,0.0002761067892874765,0.0001259802840855406,0.0001480268338005102,0.0004650772154157874,8.818619885987843e-05,8.923603456059127e-05,8.608652745845276e-05,3.359474242281083e-05,0.0001333291339905305,1.6797371211405414e-05,3.7794085225662185e-05,5.039211363421625e-05,5.2491785035641923e-05,0.0007569315402139565,0.00016692387641334131,0.00020576779733971634,0.00019211993323044944,0.0001343789696912433,6.194030634205747e-05,9.028587026130411e-05,2.3096385415682446e-05,2.6245892517820962e-05,1.4697699809979739e-05,1.1548192707841223e-05,3.149507102138515e-05,1.5747535510692576e-05,1.2598028408554062e-05,1.2598028408554062e-05,1.6797371211405414e-05,2.3096385415682446e-05,5.6691127838493273e-05,3.569441382423651e-05,4.4093099429939216e-05,2.6245892517820962e-05,4.304326372922638e-05,9.448521306415546e-06,3.149507102138515e-05,1.4697699809979739e-05,1.7847206912118255e-05,1.4697699809979739e-05,8.398685605702707e-06,6.299014204277031e-06,1.1548192707841223e-05,9.448521306415546e-06,6.299014204277031e-06,0.00010288389866985817,0.0002939539961995948,0.0003149507102138515,8.398685605702707e-06,9.763472016629397e-05,9.343537736344262e-05,7.558817045132437e-05,9.343537736344262e-05,0.0001742727263183312,6.823932054633449e-05,3.7794085225662185e-05,5.1441949334929086e-05,0.00010288389866985817,0.0001448773266983717,0.0001312294625891048
31,0.00026140908947749675,1.5747535510692576e-05,6.613964914490882e-05,0.00010603340577199668,0.00011968126988126359,0.00022571467565326027,9.448521306415546e-05,7.033899194776018e-05,0.00020366812593829067,7.243866334918586e-05,0.00010183406296914533,4.9342277933503404e-05,4.304326372922638e-05,3.7794085225662185e-05,1.6797371211405414e-05,1.994687831354393e-05,2.2046549714969608e-05,2.3096385415682446e-05,0.001071882250427808,0.0020377310950836195,0.0006508981344419599,0.0015758033867699704,0.0016450925430170178,0.0013511385468174231,0.00039158871636588876,0.0005795093067934869,0.001286048733373227,0.0008136226680524498,0.0007254364691925714,0.0002540602395725069,0.0,0.00021626615434684472,0.000201568454536865,0.0005616620998813686,0.00011968126988126359,0.0004010372376723043,0.00018687075472688524,9.343537736344262e-05,0.0005931571709027537,5.45914564370676e-05,0.0001312294625891048,0.0001333291339905305,0.00013227929828981764,0.0013070454473874838,0.0005648116069835071,0.0006876423839669092,0.000474525736722203,0.0004230837873872739,0.0002813559677910407,0.00038843920926375023,5.039211363421625e-05,6.928915624704733e-05,4.304326372922638e-05,2.5196056817108124e-05,5.6691127838493273e-05,3.359474242281083e-05,7.768784185275004e-05,5.2491785035641923e-05,7.453833475061153e-05,5.6691127838493273e-05,0.00024356188256537852,0.0001343789696912433,0.00010708324147270952,6.29901420427703e-05,8.818619885987843e-05,3.149507102138515e-05,8.293702035631423e-05,3.884392092637502e-05,5.45914564370676e-05,1.6797371211405414e-05,1.1548192707841223e-05,1.4697699809979739e-05,1.0498357007128384e-05,6.299014204277031e-06,5.249178503564192e-06,0.00040313690907373,0.0005018214649407368,0.0010183406296914532,4.304326372922638e-05,0.00045247918700723336,0.00032859857432311846,0.00023831270406181432,0.0004209841159858482,0.0005574627570785172,0.0002624589251782096,7.453833475061153e-05,0.00013542880539195616,0.00027190744648462515,0.0003359474242281083,0.0002950038319003076
32,4.4093099429939216e-05,7.348849904989869e-06,5.249178503564192e-06,2.2046549714969608e-05,1.1548192707841223e-05,4.724260653207773e-05,1.36478641092669e-05,8.398685605702707e-06,5.984063494063179e-05,8.398685605702707e-06,1.7847206912118255e-05,1.994687831354393e-05,3.359474242281083e-05,1.4697699809979739e-05,5.249178503564192e-06,1.2598028408554062e-05,1.0498357007128384e-05,7.348849904989869e-06,0.00019526944033258794,0.0003086516960095745,0.0001091829128741352,0.00024251204686466567,0.00029080448909745625,0.00017532256201904401,6.194030634205747e-05,0.0001007842272684325,0.00023516319695967582,0.00019211993323044944,0.00022781434705468594,0.0001312294625891048,0.0002687579393824866,0.0,5.6691127838493273e-05,0.0002782064606889022,6.089047064134463e-05,5.1441949334929086e-05,4.5142935130652054e-05,1.0498357007128384e-05,8.083734895488856e-05,1.1548192707841223e-05,2.5196056817108124e-05,2.6245892517820962e-05,3.884392092637502e-05,0.0004661270511165003,9.238554166272978e-05,0.00012807995548696629,0.00010708324147270952,5.039211363421625e-05,3.254490672209799e-05,5.5641292137780436e-05,1.5747535510692576e-05,1.8897042612831092e-05,1.5747535510692576e-05,9.448521306415546e-06,1.4697699809979739e-05,3.1495071021385155e-06,1.0498357007128384e-05,5.249178503564192e-06,1.36478641092669e-05,1.7847206912118255e-05,3.359474242281083e-05,1.8897042612831092e-05,1.994687831354393e-05,2.4146221116395283e-05,1.4697699809979739e-05,5.249178503564192e-06,2.0996714014256767e-05,2.0996714014256767e-06,1.1548192707841223e-05,7.348849904989869e-06,1.0498357007128384e-05,5.249178503564192e-06,5.249178503564192e-06,4.1993428028513535e-06,4.1993428028513535e-06,5.8790799239918955e-05,0.00011233241997627371,0.00016587404071262846,6.299014204277031e-06,7.453833475061153e-05,7.033899194776018e-05,5.984063494063179e-05,5.1441949334929086e-05,0.00019841894743472647,6.928915624704733e-05,1.8897042612831092e-05,3.674424952494935e-05,3.884392092637502e-05,5.984063494063179e-05,7.768784185275004e-05
33,0.00010498357007128385,6.299014204277031e-06,1.8897042612831092e-05,3.359474242281083e-05,3.254490672209799e-05,6.823932054633449e-05,2.2046549714969608e-05,1.36478641092669e-05,8.398685605702707e-05,2.6245892517820962e-05,3.7794085225662185e-05,1.7847206912118255e-05,2.72957282185338e-05,2.2046549714969608e-05,7.348849904989869e-06,1.36478641092669e-05,9.448521306415546e-06,8.398685605702707e-06,0.00039473822346802723,0.0006802935340619194,0.00019736911173401362,0.0005406653858671118,0.0004892234365321827,0.0003201998887174157,8.608652745845276e-05,0.00016482420501191564,0.00034539594553452386,0.00026350876087892245,0.00030760186030886165,0.0001616746979097771,0.0002981533390024461,8.503669175773992e-05,0.0,0.00036744249524949343,5.45914564370676e-05,9.763472016629397e-05,6.508981344419598e-05,2.2046549714969608e-05,0.0001637743693112028,1.6797371211405414e-05,4.724260653207773e-05,4.304326372922638e-05,4.8292442232790567e-05,0.0004986719578385983,0.00021416648294541904,0.00021626615434684472,0.0001616746979097771,0.00013542880539195616,8.398685605702707e-05,8.503669175773992e-05,3.7794085225662185e-05,3.359474242281083e-05,2.3096385415682446e-05,1.8897042612831092e-05,2.5196056817108124e-05,7.348849904989869e-06,1.4697699809979739e-05,1.7847206912118255e-05,2.6245892517820962e-05,1.0498357007128384e-05,7.558817045132437e-05,3.884392092637502e-05,5.039211363421625e-05,2.3096385415682446e-05,3.149507102138515e-05,7.348849904989869e-06,2.4146221116395283e-05,1.2598028408554062e-05,1.994687831354393e-05,1.1548192707841223e-05,1.1548192707841223e-05,1.36478641092669e-05,4.1993428028513535e-06,1.0498357007128384e-06,7.348849904989869e-06,0.00011443209137769938,0.00017322289061761834,0.0004209841159858482,1.0498357007128384e-05,0.00013857831249409466,0.00013647864109266899,6.508981344419598e-05,8.083734895488856e-05,0.00015117634090264874,9.343537736344262e-05,3.254490672209799e-05,4.9342277933503404e-05,9.973439156771965e-05,9.343537736344262e-05,0.00011338225567698655
34,0.00020681763304042917,1.5747535510692576e-05,4.304326372922638e-05,9.763472016629397e-05,9.133570596201695e-05,0.00018897042612831092,5.039211363421625e-05,6.928915624704733e-05,0.00019421960463187512,8.083734895488856e-05,8.398685605702707e-05,7.34884990498987e-05,8.818619885987843e-05,6.194030634205747e-05,4.619277083136489e-05,4.304326372922638e-05,3.884392092637502e-05,3.674424952494935e-05,0.001136972063872004,0.0020839238659149844,0.0006005060208077435,0.001650341721520582,0.0015411588086464468,0.0011222743640620244,0.00032544906722097993,0.0005994561851070308,0.0012703011978625345,0.0008125728323517369,0.0009994435870786223,0.0004829244223279057,0.0007285859762947099,0.0002782064606889022,0.0003390969313302468,0.0,7.34884990498987e-05,0.0004293828015915509,0.00016587404071262846,8.398685605702707e-05,0.0006005060208077435,4.619277083136489e-05,0.00013227929828981764,0.00013227929828981764,0.0001312294625891048,0.0008587656031831018,0.0006204528991212875,0.0006645459985512267,0.00048502409372933134,0.00038948904496446306,0.0002519605681710812,0.00030970153171028735,8.608652745845276e-05,0.00010288389866985817,7.453833475061153e-05,3.569441382423651e-05,4.619277083136489e-05,6.613964914490882e-05,3.989375662708786e-05,1.6797371211405414e-05,7.243866334918586e-05,0.00010603340577199668,0.0002320136898575373,0.00014067798389552036,0.00017112321921619266,5.6691127838493273e-05,9.55350487648683e-05,2.6245892517820962e-05,7.66380061520372e-05,4.4093099429939216e-05,7.453833475061153e-05,3.254490672209799e-05,3.569441382423651e-05,3.569441382423651e-05,2.2046549714969608e-05,1.5747535510692576e-05,7.348849904989869e-06,0.0004535290227079462,0.0004556286941093719,0.0012052113844183386,4.4093099429939216e-05,0.00039683789486945293,0.000338047095629534,0.00024146221116395285,0.0003474956169359495,0.0004199342802851354,0.0003044523532067231,6.718948484562166e-05,9.763472016629397e-05,0.00036219331674592926,0.00040838608757729416,0.00033384775282668263
90,4.5142935130652054e-05,4.1993428028513535e-06,7.348849904989869e-06,1.8897042612831092e-05,8.398685605702707e-06,3.254490672209799e-05,1.4697699809979739e-05,7.348849904989869e-06,3.0445235320672315e-05,6.299014204277031e-06,1.2598028408554062e-05,8.398685605702707e-06,1.6797371211405414e-05,8.398685605702707e-06,3.1495071021385155e-06,6.299014204277031e-06,4.1993428028513535e-06,6.299014204277031e-06,0.00024566155396680417,0.00039998740197159146,0.00012283077698340208,0.00028240580349175355,0.00026140908947749675,0.00017847206912118254,3.7794085225662185e-05,6.823932054633449e-05,0.00021416648294541904,0.0001249304483848278,0.00021941566144898324,9.973439156771965e-05,0.00017217305491690552,5.45914564370676e-05,3.254490672209799e-05,7.873767755346288e-05,0.0,4.8292442232790567e-05,3.7794085225662185e-05,1.4697699809979739e-05,0.00011443209137769938,5.249178503564192e-06,2.3096385415682446e-05,2.4146221116395283e-05,2.5196056817108124e-05,0.0001963192760333008,0.00010288389866985817,0.00014592716239908454,8.608652745845276e-05,5.774096353920611e-05,4.9342277933503404e-05,4.619277083136489e-05,2.72957282185338e-05,2.2046549714969608e-05,1.4697699809979739e-05,4.1993428028513535e-06,1.36478641092669e-05,7.348849904989869e-06,4.1993428028513535e-06,5.249178503564192e-06,7.348849904989869e-06,1.2598028408554062e-05,3.674424952494935e-05,2.4146221116395283e-05,2.8345563919246637e-05,8.398685605702707e-06,9.448521306415546e-06,4.1993428028513535e-06,1.0498357007128384e-05,3.1495071021385155e-06,1.4697699809979739e-05,6.299014204277031e-06,4.1993428028513535e-06,5.249178503564192e-06,4.1993428028513535e-06,8.398685605702707e-06,2.0996714014256767e-06,6.29901420427703e-05,9.973439156771965e-05,0.00024146221116395285,5.249178503564192e-06,8.083734895488856e-05,7.138882764847302e-05,3.569441382423651e-05,4.09435923278007e-05,8.083734895488856e-05,2.9395399619959478e-05,7.348849904989869e-06,1.7847206912118255e-05,4.304326372922638e-05,5.984063494063179e-05,5.45914564370676e-05
35,0.0001553756837055001,3.989375662708786e-05,0.0002960536676010204,0.0003737415094537705,0.00022151533285040892,0.0004178346088837097,0.00015117634090264874,3.884392092637502e-05,0.00023096385415682444,0.0001742727263183312,0.0001532760123040744,0.00013647864109266899,0.00018057174052260822,0.000169023547814767,0.00011548192707841222,0.00013017962688839196,0.00022151533285040892,0.00031705038161527723,0.0001312294625891048,0.0002813559677910407,0.0005753099639906354,0.00022256516855112174,0.0002687579393824866,0.00017952190482189536,7.34884990498987e-05,0.0001417278195962332,0.00019841894743472647,0.00018162157622332104,0.0001501265052019359,9.763472016629397e-05,0.00015852519080763861,4.1993428028513535e-05,5.5641292137780436e-05,7.66380061520372e-05,2.0996714014256767e-05,0.0,0.00022151533285040892,0.0007978751325417572,0.0005007716292400239,0.00031810021731599005,0.0009081078811166053,0.0006278017490262774,0.0005385657144656861,0.01060439041290038,0.0006865925482661963,0.0007012902480761761,0.00037269167375305766,0.00024251204686466567,0.00032859857432311846,6.718948484562166e-05,0.00010813307717342236,9.868455586700681e-05,0.00010498357007128385,8.923603456059127e-05,8.608652745845276e-05,3.569441382423651e-05,7.978751325417572e-05,4.8292442232790567e-05,0.000201568454536865,0.00011023274857484803,0.00023096385415682444,0.0002750569535867637,0.0006666456699526524,0.00018057174052260822,0.0001616746979097771,5.984063494063179e-05,3.4644578123523665e-05,8.083734895488856e-05,9.763472016629397e-05,8.083734895488856e-05,6.823932054633449e-05,5.5641292137780436e-05,8.293702035631423e-05,4.304326372922638e-05,3.7794085225662185e-05,0.001332241504204592,9.343537736344262e-05,0.00013857831249409466,2.0996714014256767e-05,3.884392092637502e-05,0.00015432584800478724,5.5641292137780436e-05,7.558817045132437e-05,0.0006571971486462369,7.34884990498987e-05,3.0445235320672315e-05,2.2046549714969608e-05,7.558817045132437e-05,6.403997774348314e-05,9.238554166272978e-05
36,1.1548192707841223e-05,1.2598028408554062e-05,3.569441382423651e-05,5.354162073635476e-05,2.4146221116395283e-05,4.619277083136489e-05,3.4644578123523665e-05,1.1548192707841223e-05,5.354162073635476e-05,3.7794085225662185e-05,4.304326372922638e-05,7.34884990498987e-05,7.768784185275004e-05,0.00010183406296914533,4.8292442232790567e-05,6.613964914490882e-05,0.00011968126988126359,0.00011548192707841222,1.2598028408554062e-05,1.1548192707841223e-05,3.254490672209799e-05,2.3096385415682446e-05,3.254490672209799e-05,2.72957282185338e-05,1.5747535510692576e-05,2.4146221116395283e-05,5.6691127838493273e-05,6.718948484562166e-05,4.9342277933503404e-05,3.149507102138515e-05,6.928915624704733e-05,1.6797371211405414e-05,2.2046549714969608e-05,2.9395399619959478e-05,1.1548192707841223e-05,0.0001553756837055001,0.0,3.149507102138515e-05,3.7794085225662185e-05,3.359474242281083e-05,8.083734895488856e-05,7.34884990498987e-05,0.00011443209137769938,0.0018372124762474672,8.398685605702707e-05,3.4644578123523665e-05,3.674424952494935e-05,3.254490672209799e-05,4.304326372922638e-05,1.0498357007128384e-05,5.8790799239918955e-05,4.304326372922638e-05,3.7794085225662185e-05,7.243866334918586e-05,7.34884990498987e-05,3.254490672209799e-05,4.304326372922638e-05,4.619277083136489e-05,7.66380061520372e-05,0.00010288389866985817,1.6797371211405414e-05,2.9395399619959478e-05,6.089047064134463e-05,1.36478641092669e-05,9.448521306415546e-06,9.448521306415546e-06,5.249178503564192e-06,1.7847206912118255e-05,2.4146221116395283e-05,1.6797371211405414e-05,1.994687831354393e-05,1.36478641092669e-05,2.0996714014256767e-05,1.0498357007128384e-05,5.249178503564192e-06,0.00013542880539195616,3.149507102138515e-05,1.0498357007128384e-05,5.249178503564192e-06,2.4146221116395283e-05,3.359474242281083e-05,5.249178503564192e-06,1.2598028408554062e-05,0.0002372628683611015,1.0498357007128384e-05,3.1495071021385155e-06,6.299014204277031e-06,1.4697699809979739e-05,6.299014204277031e-06,1.5747535510692576e-05
37,9.448521306415546e-06,5.249178503564192e-06,1.8897042612831092e-05,3.254490672209799e-05,2.72957282185338e-05,2.72957282185338e-05,2.3096385415682446e-05,7.348849904989869e-06,2.9395399619959478e-05,1.8897042612831092e-05,2.3096385415682446e-05,4.09435923278007e-05,7.243866334918586e-05,5.984063494063179e-05,3.359474242281083e-05,4.4093099429939216e-05,7.34884990498987e-05,0.0001333291339905305,1.36478641092669e-05,1.994687831354393e-05,4.09435923278007e-05,1.5747535510692576e-05,1.2598028408554062e-05,8.398685605702707e-06,2.0996714014256767e-06,8.398685605702707e-06,8.398685605702707e-06,1.36478641092669e-05,8.398685605702707e-06,7.348849904989869e-06,7.348849904989869e-06,1.0498357007128384e-06,2.0996714014256767e-06,1.2598028408554062e-05,5.249178503564192e-06,0.0005931571709027537,4.8292442232790567e-05,0.0,1.4697699809979739e-05,2.2046549714969608e-05,8.71363631591656e-05,7.138882764847302e-05,0.0001501265052019359,0.003541095818504404,1.7847206912118255e-05,3.0445235320672315e-05,4.5142935130652054e-05,1.6797371211405414e-05,3.4644578123523665e-05,9.448521306415546e-06,2.9395399619959478e-05,1.36478641092669e-05,2.4146221116395283e-05,2.3096385415682446e-05,2.6245892517820962e-05,9.448521306415546e-06,2.0996714014256767e-05,2.2046549714969608e-05,3.149507102138515e-05,2.6245892517820962e-05,1.0498357007128384e-05,1.8897042612831092e-05,9.763472016629397e-05,2.2046549714969608e-05,3.569441382423651e-05,2.0996714014256767e-05,1.0498357007128384e-05,1.994687831354393e-05,2.6245892517820962e-05,3.4644578123523665e-05,2.3096385415682446e-05,1.7847206912118255e-05,1.4697699809979739e-05,1.8897042612831092e-05,1.4697699809979739e-05,0.0006204528991212875,7.348849904989869e-06,9.448521306415546e-06,5.249178503564192e-06,7.348849904989869e-06,1.4697699809979739e-05,4.1993428028513535e-06,4.1993428028513535e-06,0.00015642551940621294,1.36478641092669e-05,1.4697699809979739e-05,4.1993428028513535e-06,1.6797371211405414e-05,8.398685605702707e-06,1.0498357007128384e-05
38,7.348849904989869e-06,1.0498357007128384e-06,5.249178503564192e-06,1.4697699809979739e-05,9.448521306415546e-06,9.448521306415546e-06,6.299014204277031e-06,2.0996714014256767e-06,1.5747535510692576e-05,5.249178503564192e-06,6.299014204277031e-06,1.0498357007128384e-05,6.299014204277031e-06,9.448521306415546e-06,3.1495071021385155e-06,2.0996714014256767e-06,5.249178503564192e-06,1.36478641092669e-05,9.448521306415546e-06,5.249178503564192e-06,2.72957282185338e-05,1.4697699809979739e-05,2.72957282185338e-05,2.0996714014256767e-05,7.348849904989869e-06,1.6797371211405414e-05,2.72957282185338e-05,2.6245892517820962e-05,3.7794085225662185e-05,2.9395399619959478e-05,4.304326372922638e-05,6.299014204277031e-06,1.36478641092669e-05,4.724260653207773e-05,9.448521306415546e-06,0.00046927655821863876,5.2491785035641923e-05,4.1993428028513535e-06,0.0,7.348849904989869e-06,2.2046549714969608e-05,2.4146221116395283e-05,7.243866334918586e-05,0.0015002152163186462,2.5196056817108124e-05,4.5142935130652054e-05,3.884392092637502e-05,6.508981344419598e-05,7.558817045132437e-05,6.299014204277031e-06,7.558817045132437e-05,7.873767755346288e-05,7.768784185275004e-05,5.774096353920611e-05,7.66380061520372e-05,3.989375662708786e-05,7.66380061520372e-05,5.8790799239918955e-05,9.658488446558113e-05,0.00013227929828981764,5.249178503564192e-06,2.0996714014256767e-06,3.254490672209799e-05,1.0498357007128384e-05,7.348849904989869e-06,9.448521306415546e-06,4.1993428028513535e-06,8.398685605702707e-06,8.398685605702707e-06,3.1495071021385155e-06,1.0498357007128384e-05,9.448521306415546e-06,8.398685605702707e-06,6.299014204277031e-06,3.1495071021385155e-06,0.0004041867447744428,1.4697699809979739e-05,7.348849904989869e-06,4.1993428028513535e-06,4.724260653207773e-05,8.608652745845276e-05,1.8897042612831092e-05,9.448521306415546e-06,2.9395399619959478e-05,7.348849904989869e-06,2.0996714014256767e-06,6.299014204277031e-06,1.36478641092669e-05,1.5747535510692576e-05,1.1548192707841223e-05
39,2.6245892517820962e-05,4.1993428028513535e-06,1.994687831354393e-05,3.149507102138515e-05,1.7847206912118255e-05,6.403997774348314e-05,5.2491785035641923e-05,2.72957282185338e-05,5.354162073635476e-05,5.8790799239918955e-05,5.45914564370676e-05,7.033899194776018e-05,9.868455586700681e-05,8.083734895488856e-05,5.354162073635476e-05,7.34884990498987e-05,8.818619885987843e-05,0.00018582091902617242,2.0996714014256767e-06,1.0498357007128384e-05,1.5747535510692576e-05,1.5747535510692576e-05,2.2046549714969608e-05,1.6797371211405414e-05,7.348849904989869e-06,2.3096385415682446e-05,3.884392092637502e-05,2.0996714014256767e-05,2.8345563919246637e-05,8.398685605702707e-06,3.254490672209799e-05,8.398685605702707e-06,4.1993428028513535e-06,2.5196056817108124e-05,4.1993428028513535e-06,0.0003936883877673144,5.8790799239918955e-05,2.6245892517820962e-05,6.299014204277031e-06,0.0,1.36478641092669e-05,1.994687831354393e-05,4.619277083136489e-05,0.0011401215709741425,1.6797371211405414e-05,3.254490672209799e-05,1.8897042612831092e-05,1.8897042612831092e-05,2.5196056817108124e-05,1.0498357007128384e-05,2.4146221116395283e-05,2.4146221116395283e-05,1.4697699809979739e-05,2.4146221116395283e-05,1.6797371211405414e-05,1.2598028408554062e-05,1.36478641092669e-05,1.2598028408554062e-05,2.5196056817108124e-05,2.8345563919246637e-05,9.448521306415546e-06,8.398685605702707e-06,1.7847206912118255e-05,1.2598028408554062e-05,1.8897042612831092e-05,1.1548192707841223e-05,5.249178503564192e-06,9.448521306415546e-06,1.1548192707841223e-05,1.0498357007128384e-05,1.994687831354393e-05,1.2598028408554062e-05,1.36478641092669e-05,9.448521306415546e-06,4.1993428028513535e-06,0.0004230837873872739,9.448521306415546e-06,1.1548192707841223e-05,3.1495071021385155e-06,1.2598028408554062e-05,1.36478641092669e-05,7.348849904989869e-06,8.398685605702707e-06,0.0002708576107839123,1.8897042612831092e-05,8.398685605702707e-06,3.1495071021385155e-06,1.8897042612831092e-05,1.0498357007128384e-05,2.0996714014256767e-05
40,1.36478641092669e-05,1.0498357007128384e-06,9.448521306415546e-06,2.6245892517820962e-05,1.36478641092669e-05,1.5747535510692576e-05,6.299014204277031e-06,2.0996714014256767e-06,1.36478641092669e-05,8.398685605702707e-06,1.4697699809979739e-05,1.0498357007128384e-05,1.6797371211405414e-05,1.2598028408554062e-05,5.249178503564192e-06,1.0498357007128384e-05,1.2598028408554062e-05,1.7847206912118255e-05,1.6797371211405414e-05,2.72957282185338e-05,3.674424952494935e-05,1.7847206912118255e-05,2.3096385415682446e-05,2.72957282185338e-05,1.1548192707841223e-05,4.09435923278007e-05,4.9342277933503404e-05,5.354162073635476e-05,6.29901420427703e-05,3.884392092637502e-05,0.00010708324147270952,2.5196056817108124e-05,3.569441382423651e-05,8.18871846556014e-05,1.8897042612831092e-05,0.0005354162073635476,9.238554166272978e-05,8.18871846556014e-05,3.4644578123523665e-05,1.6797371211405414e-05,0.0,2.72957282185338e-05,3.7794085225662185e-05,0.0010477360293114127,3.7794085225662185e-05,4.619277083136489e-05,4.304326372922638e-05,5.354162073635476e-05,6.29901420427703e-05,1.0498357007128384e-05,6.403997774348314e-05,5.984063494063179e-05,4.5142935130652054e-05,5.774096353920611e-05,5.354162073635476e-05,4.724260653207773e-05,6.29901420427703e-05,6.29901420427703e-05,7.243866334918586e-05,0.00011863143418055075,7.348849904989869e-06,8.398685605702707e-06,2.3096385415682446e-05,9.448521306415546e-06,3.1495071021385155e-06,2.0996714014256767e-06,2.0996714014256767e-06,3.1495071021385155e-06,7.348849904989869e-06,2.0996714014256767e-06,2.0996714014256767e-06,2.0996714014256767e-06,4.1993428028513535e-06,4.1993428028513535e-06,3.1495071021385155e-06,0.0005291171931592705,2.8345563919246637e-05,1.2598028408554062e-05,5.249178503564192e-06,1.994687831354393e-05,6.508981344419598e-05,1.2598028408554062e-05,3.1495071021385155e-06,4.1993428028513535e-05,3.1495071021385155e-06,1.0498357007128384e-06,3.1495071021385155e-06,4.1993428028513535e-06,1.0498357007128384e-06,3.1495071021385155e-06
41,1.6797371211405414e-05,1.0498357007128384e-06,9.448521306415546e-06,1.7847206912118255e-05,9.448521306415546e-06,1.994687831354393e-05,1.994687831354393e-05,9.448521306415546e-06,3.149507102138515e-05,2.2046549714969608e-05,2.2046549714969608e-05,1.8897042612831092e-05,3.4644578123523665e-05,3.569441382423651e-05,1.2598028408554062e-05,1.6797371211405414e-05,3.0445235320672315e-05,4.304326372922638e-05,3.359474242281083e-05,1.994687831354393e-05,2.72957282185338e-05,2.2046549714969608e-05,3.254490672209799e-05,2.9395399619959478e-05,1.0498357007128384e-05,3.989375662708786e-05,5.774096353920611e-05,4.5142935130652054e-05,5.039211363421625e-05,3.989375662708786e-05,8.503669175773992e-05,1.36478641092669e-05,2.5196056817108124e-05,4.8292442232790567e-05,5.249178503564192e-06,0.00021101697584328052,5.5641292137780436e-05,6.613964914490882e-05,1.36478641092669e-05,5.249178503564192e-06,1.6797371211405414e-05,0.0,2.72957282185338e-05,0.000338047095629534,2.72957282185338e-05,4.5142935130652054e-05,2.4146221116395283e-05,5.354162073635476e-05,7.34884990498987e-05,9.448521306415546e-06,4.4093099429939216e-05,4.619277083136489e-05,4.9342277933503404e-05,4.5142935130652054e-05,5.5641292137780436e-05,3.149507102138515e-05,4.8292442232790567e-05,2.9395399619959478e-05,6.613964914490882e-05,6.403997774348314e-05,3.569441382423651e-05,1.1548192707841223e-05,3.674424952494935e-05,6.299014204277031e-06,1.8897042612831092e-05,1.994687831354393e-05,1.6797371211405414e-05,3.359474242281083e-05,5.354162073635476e-05,5.354162073635476e-05,5.774096353920611e-05,3.989375662708786e-05,4.09435923278007e-05,3.7794085225662185e-05,1.5747535510692576e-05,0.00022151533285040892,5.2491785035641923e-05,1.8897042612831092e-05,2.0996714014256767e-06,3.884392092637502e-05,6.718948484562166e-05,1.6797371211405414e-05,1.0498357007128384e-05,8.923603456059127e-05,2.3096385415682446e-05,1.4697699809979739e-05,1.5747535510692576e-05,1.0498357007128384e-05,3.149507102138515e-05,2.72957282185338e-05
42,1.5747535510692576e-05,2.9395399619959478e-05,3.254490672209799e-05,5.1441949334929086e-05,2.4146221116395283e-05,5.2491785035641923e-05,2.72957282185338e-05,7.348849904989869e-06,2.9395399619959478e-05,3.569441382423651e-05,4.8292442232790567e-05,3.569441382423651e-05,5.2491785035641923e-05,3.884392092637502e-05,2.72957282185338e-05,2.3096385415682446e-05,5.1441949334929086e-05,4.9342277933503404e-05,1.7847206912118255e-05,3.569441382423651e-05,5.5641292137780436e-05,3.254490672209799e-05,3.989375662708786e-05,2.72957282185338e-05,1.4697699809979739e-05,3.0445235320672315e-05,7.243866334918586e-05,7.243866334918586e-05,8.293702035631423e-05,4.619277083136489e-05,9.028587026130411e-05,2.8345563919246637e-05,4.304326372922638e-05,7.243866334918586e-05,1.8897042612831092e-05,0.0002687579393824866,0.00013227929828981764,0.00011863143418055075,5.039211363421625e-05,2.4146221116395283e-05,3.254490672209799e-05,1.994687831354393e-05,0.0,0.0003390969313302468,4.5142935130652054e-05,5.774096353920611e-05,6.718948484562166e-05,6.403997774348314e-05,8.18871846556014e-05,1.0498357007128384e-05,4.9342277933503404e-05,4.1993428028513535e-05,4.619277083136489e-05,6.403997774348314e-05,6.718948484562166e-05,2.5196056817108124e-05,5.039211363421625e-05,3.884392092637502e-05,9.028587026130411e-05,8.18871846556014e-05,3.359474242281083e-05,1.0498357007128384e-05,2.4146221116395283e-05,8.398685605702707e-06,6.299014204277031e-06,7.348849904989869e-06,2.0996714014256767e-06,5.249178503564192e-06,1.2598028408554062e-05,1.4697699809979739e-05,1.2598028408554062e-05,1.4697699809979739e-05,8.398685605702707e-06,8.398685605702707e-06,3.1495071021385155e-06,0.00027295728218533797,4.4093099429939216e-05,1.8897042612831092e-05,1.0498357007128384e-06,2.5196056817108124e-05,6.823932054633449e-05,2.0996714014256767e-05,1.0498357007128384e-05,0.00015747535510692576,7.348849904989869e-06,3.1495071021385155e-06,3.1495071021385155e-06,8.398685605702707e-06,7.348849904989869e-06,1.2598028408554062e-05
43,0.0005490640714728145,0.00011023274857484803,0.00041468510178157116,0.0007044397551783146,0.00033174808142525693,0.0005270175217578449,0.00038633953786232453,0.00014382749099765886,0.0008755629743945072,0.00044198083000010496,0.0004640273797150746,0.00039998740197159146,0.0005952568423041794,0.0003485454526366624,0.000266658267981061,0.00040523658047515563,0.0006225525705227132,0.0012556034980525548,0.0004262332944894124,0.00033174808142525693,0.0011359222281712913,0.0004377814871972536,0.0006278017490262774,0.0004997217935393111,0.0002320136898575373,0.0005931571709027537,0.0010813307717342235,0.0007758285828267876,0.0010099419440857506,0.000780027925629639,0.001189463848907646,0.0003989375662708786,0.0003842398664608989,0.0006424994488362572,0.00018162157622332104,0.0058381363316640945,0.0021143691012356566,0.002535353217221505,0.000792625954038193,0.00039473822346802723,0.0009364534450358519,0.0002971035033017333,0.0002131166472447062,0.0,0.0008524665889788248,0.001448773266983717,0.0014571719525894198,0.0012304074412354466,0.0020125350382665112,0.0002540602395725069,0.000949051473444406,0.0007863269398339159,0.000851416753278112,0.0008083734895488856,0.0013731850965323926,0.0006708450127555038,0.0009469518020429802,0.0007548318688125308,0.0012314572769361596,0.0012314572769361596,0.00039473822346802723,0.00015642551940621294,0.00033699725992882116,6.194030634205747e-05,7.34884990498987e-05,3.7794085225662185e-05,3.674424952494935e-05,0.00012178094128268926,0.00019211993323044944,0.0001532760123040744,0.00013752847679338184,0.0001417278195962332,0.00014907666950122306,0.0001448773266983717,4.1993428028513535e-05,0.00582553830325554,0.0010655832362235311,0.00043463198009511514,0.00012073110558197642,0.00047032639391935164,0.0010886796216392134,0.00025511007527321975,0.00022466483995254742,0.0014267267172687473,0.00010183406296914533,4.724260653207773e-05,1.994687831354393e-05,0.0002047179616390035,7.34884990498987e-05,0.0001007842272684325
44,0.00010708324147270952,1.4697699809979739e-05,2.0996714014256767e-05,4.619277083136489e-05,5.8790799239918955e-05,0.00011653176277912507,4.724260653207773e-05,1.8897042612831092e-05,5.6691127838493273e-05,4.1993428028513535e-05,6.718948484562166e-05,8.608652745845276e-05,0.00010183406296914533,6.194030634205747e-05,5.354162073635476e-05,7.138882764847302e-05,8.71363631591656e-05,0.00012073110558197642,3.884392092637502e-05,5.45914564370676e-05,5.6691127838493273e-05,0.0001774222334204697,0.00017952190482189536,0.00010288389866985817,3.254490672209799e-05,9.343537736344262e-05,0.00021416648294541904,0.00019211993323044944,0.000201568454536865,0.00015852519080763861,0.00028870481769603055,6.823932054633449e-05,9.868455586700681e-05,0.00025511007527321975,5.45914564370676e-05,0.00021941566144898324,0.00011338225567698655,1.994687831354393e-05,4.619277083136489e-05,1.5747535510692576e-05,2.6245892517820962e-05,3.359474242281083e-05,6.089047064134463e-05,0.0005459145643706759,0.0,8.293702035631423e-05,0.0006383001060334058,0.0010624337291213926,0.0009857957229693552,1.994687831354393e-05,0.0015495574942521496,0.001286048733373227,0.0013469392040145716,0.0014025804961523521,0.001521211930332903,0.0010750317575299465,0.0015495574942521496,0.0013070454473874838,0.0023505821338960452,0.0032670887006183533,4.09435923278007e-05,2.3096385415682446e-05,2.2046549714969608e-05,1.36478641092669e-05,2.72957282185338e-05,2.0996714014256767e-05,9.448521306415546e-06,2.0996714014256767e-05,4.09435923278007e-05,4.1993428028513535e-05,4.619277083136489e-05,3.359474242281083e-05,3.0445235320672315e-05,1.994687831354393e-05,9.448521306415546e-06,0.00018897042612831092,8.293702035631423e-05,3.674424952494935e-05,7.978751325417572e-05,0.0005690109497863584,0.0014466735955822913,0.0001994687831354393,2.8345563919246637e-05,0.0001501265052019359,1.994687831354393e-05,1.8897042612831092e-05,1.5747535510692576e-05,2.6245892517820962e-05,4.5142935130652054e-05,3.4644578123523665e-05
45,1.36478641092669e-05,4.1993428028513535e-06,4.1993428028513535e-06,1.6797371211405414e-05,8.398685605702707e-06,1.994687831354393e-05,9.448521306415546e-06,7.348849904989869e-06,2.6245892517820962e-05,1.2598028408554062e-05,1.36478641092669e-05,1.36478641092669e-05,1.1548192707841223e-05,9.448521306415546e-06,1.0498357007128384e-05,7.348849904989869e-06,1.36478641092669e-05,1.7847206912118255e-05,1.7847206912118255e-05,1.4697699809979739e-05,5.6691127838493273e-05,1.7847206912118255e-05,3.359474242281083e-05,5.6691127838493273e-05,1.5747535510692576e-05,6.823932054633449e-05,9.763472016629397e-05,7.243866334918586e-05,0.00010498357007128385,7.873767755346288e-05,0.0001879205904275981,3.674424952494935e-05,6.613964914490882e-05,0.00019316976893116227,2.9395399619959478e-05,0.0001259802840855406,2.8345563919246637e-05,9.448521306415546e-06,4.724260653207773e-05,6.299014204277031e-06,1.36478641092669e-05,1.4697699809979739e-05,1.8897042612831092e-05,0.00046927655821863876,3.149507102138515e-05,0.0,4.09435923278007e-05,0.00011758159847983791,0.00017322289061761834,1.994687831354393e-05,0.00017112321921619266,0.0001553756837055001,0.00015432584800478724,0.00019002026182902377,0.00023411336125896297,0.0001259802840855406,0.00014592716239908454,0.00011023274857484803,0.00030130284610458465,0.00029080448909745625,7.348849904989869e-06,6.299014204277031e-06,1.4697699809979739e-05,3.1495071021385155e-06,7.348849904989869e-06,1.0498357007128384e-06,3.1495071021385155e-06,5.249178503564192e-06,1.6797371211405414e-05,1.1548192707841223e-05,6.299014204277031e-06,8.398685605702707e-06,4.1993428028513535e-06,7.348849904989869e-06,4.1993428028513535e-06,0.00012807995548696629,2.6245892517820962e-05,1.994687831354393e-05,5.249178503564192e-06,8.293702035631423e-05,0.00019526944033258794,3.359474242281083e-05,2.2046549714969608e-05,6.194030634205747e-05,1.2598028408554062e-05,1.0498357007128384e-06,8.398685605702707e-06,1.0498357007128384e-05,1.8897042612831092e-05,2.8345563919246637e-05
46,0.00013017962688839196,2.8345563919246637e-05,2.9395399619959478e-05,1.5747535510692576e-05,1.7847206912118255e-05,1.6797371211405414e-05,1.1548192707841223e-05,4.1993428028513535e-06,2.4146221116395283e-05,2.2046549714969608e-05,3.359474242281083e-05,6.718948484562166e-05,7.873767755346288e-05,8.398685605702707e-05,7.34884990498987e-05,6.403997774348314e-05,8.71363631591656e-05,0.0001469769980997974,5.8790799239918955e-05,5.774096353920611e-05,5.2491785035641923e-05,5.354162073635476e-05,1.994687831354393e-05,2.4146221116395283e-05,1.4697699809979739e-05,2.5196056817108124e-05,6.089047064134463e-05,4.5142935130652054e-05,5.1441949334929086e-05,2.72957282185338e-05,5.6691127838493273e-05,1.6797371211405414e-05,1.5747535510692576e-05,6.823932054633449e-05,1.6797371211405414e-05,0.0001616746979097771,5.45914564370676e-05,1.36478641092669e-05,3.359474242281083e-05,1.36478641092669e-05,3.149507102138515e-05,1.36478641092669e-05,3.149507102138515e-05,0.0004020870733730171,0.0006802935340619194,7.033899194776018e-05,0.0,0.00013752847679338184,0.00020576779733971634,1.36478641092669e-05,0.0005385657144656861,0.0004650772154157874,0.00046822672251792594,0.0005543132499763786,0.000604705363610595,0.00042203395168656104,0.000525967686057132,0.0005238680146557064,0.0010036429298814736,0.0012325071126368724,0.00011233241997627371,3.149507102138515e-05,1.1548192707841223e-05,6.299014204277031e-06,1.36478641092669e-05,1.4697699809979739e-05,2.3096385415682446e-05,2.4146221116395283e-05,3.884392092637502e-05,5.45914564370676e-05,4.8292442232790567e-05,4.304326372922638e-05,5.039211363421625e-05,5.2491785035641923e-05,2.4146221116395283e-05,0.00014907666950122306,2.0996714014256767e-05,3.989375662708786e-05,5.1441949334929086e-05,0.0002099671401425677,0.00039473822346802723,5.354162073635476e-05,9.448521306415546e-06,0.0001343789696912433,5.039211363421625e-05,2.0996714014256767e-05,3.7794085225662185e-05,3.149507102138515e-05,3.7794085225662185e-05,5.6691127838493273e-05
47,0.00015957502650835144,2.72957282185338e-05,3.149507102138515e-05,5.039211363421625e-05,1.994687831354393e-05,5.1441949334929086e-05,1.4697699809979739e-05,0.0,6.29901420427703e-05,1.994687831354393e-05,3.674424952494935e-05,4.9342277933503404e-05,9.55350487648683e-05,6.823932054633449e-05,3.674424952494935e-05,5.354162073635476e-05,8.71363631591656e-05,0.00012388061268411494,7.66380061520372e-05,9.343537736344262e-05,0.00014382749099765886,3.569441382423651e-05,5.5641292137780436e-05,2.0996714014256767e-05,1.36478641092669e-05,4.304326372922638e-05,5.5641292137780436e-05,6.823932054633449e-05,5.1441949334929086e-05,5.354162073635476e-05,9.868455586700681e-05,2.3096385415682446e-05,3.149507102138515e-05,7.768784185275004e-05,2.0996714014256767e-05,0.00014382749099765886,6.403997774348314e-05,2.9395399619959478e-05,0.00011338225567698655,3.569441382423651e-05,4.8292442232790567e-05,4.9342277933503404e-05,7.34884990498987e-05,0.0010708324147270952,0.000818871846556014,0.00018687075472688524,0.00019211993323044944,0.0,7.453833475061153e-05,1.36478641092669e-05,0.0005543132499763786,0.00043253230869368944,0.0005364660430642605,0.0006330509275298416,0.0010057426012828991,0.0006645459985512267,0.0008209715179574396,0.0006697951770547909,0.001436175238575163,0.001663989585629849,0.0001553756837055001,5.039211363421625e-05,5.8790799239918955e-05,2.4146221116395283e-05,3.359474242281083e-05,1.1548192707841223e-05,3.0445235320672315e-05,2.0996714014256767e-05,5.8790799239918955e-05,5.8790799239918955e-05,5.2491785035641923e-05,3.569441382423651e-05,3.569441382423651e-05,5.6691127838493273e-05,1.7847206912118255e-05,0.00014382749099765886,6.823932054633449e-05,8.818619885987843e-05,9.448521306415546e-06,0.00012283077698340208,0.00027295728218533797,4.09435923278007e-05,1.5747535510692576e-05,0.0002855553105938921,7.138882764847302e-05,2.3096385415682446e-05,4.5142935130652054e-05,7.453833475061153e-05,9.763472016629397e-05,0.0001249304483848278
48,0.0001910700975297366,5.45914564370676e-05,3.254490672209799e-05,7.978751325417572e-05,2.72957282185338e-05,3.149507102138515e-05,7.348849904989869e-06,1.7847206912118255e-05,4.8292442232790567e-05,1.8897042612831092e-05,2.9395399619959478e-05,3.7794085225662185e-05,4.724260653207773e-05,4.619277083136489e-05,1.994687831354393e-05,3.359474242281083e-05,5.6691127838493273e-05,7.66380061520372e-05,0.00011443209137769938,0.00013227929828981764,0.0002519605681710812,6.089047064134463e-05,4.619277083136489e-05,3.884392092637502e-05,1.6797371211405414e-05,4.5142935130652054e-05,6.194030634205747e-05,7.033899194776018e-05,5.5641292137780436e-05,4.1993428028513535e-05,0.00010288389866985817,2.6245892517820962e-05,2.0996714014256767e-05,7.34884990498987e-05,2.3096385415682446e-05,0.00024146221116395285,9.658488446558113e-05,6.29901420427703e-05,0.00015642551940621294,3.569441382423651e-05,7.558817045132437e-05,7.66380061520372e-05,0.00011863143418055075,0.00241882145444238,0.0008556160960809633,0.0002708576107839123,0.0003275487386224056,8.293702035631423e-05,0.0,1.2598028408554062e-05,0.0005270175217578449,0.0003600936453445036,0.0005438148929692503,0.0007810777613303518,0.0011884140132069332,0.0007369846619004126,0.0006571971486462369,0.0005732102925892098,0.0015243614374350414,0.0016198964861999098,0.0001532760123040744,6.508981344419598e-05,8.503669175773992e-05,4.09435923278007e-05,1.7847206912118255e-05,1.0498357007128384e-05,1.994687831354393e-05,1.36478641092669e-05,2.6245892517820962e-05,3.254490672209799e-05,2.5196056817108124e-05,2.3096385415682446e-05,3.149507102138515e-05,2.8345563919246637e-05,1.0498357007128384e-05,0.00022151533285040892,0.00012703011978625346,0.00012807995548696629,1.6797371211405414e-05,0.00012283077698340208,0.0001259802840855406,4.5142935130652054e-05,1.1548192707841223e-05,0.0001879205904275981,4.9342277933503404e-05,2.2046549714969608e-05,2.0996714014256767e-05,6.613964914490882e-05,8.818619885987843e-05,0.0001007842272684325
49,0.0,0.0,0.0,0.0,0.0,0.0,0.0,0.0,0.0,0.0,0.0,0.0,0.0,0.0,0.0,0.0,0.0,0.0,0.0,0.0,0.0,0.0,0.0,0.0,0.0,0.0,0.0,0.0,0.0,0.0,0.0,0.0,0.0,0.0,0.0,0.0,0.0,0.0,0.0,0.0,0.0,0.0,0.0,0.0,0.0,0.0,0.0,0.0,0.0,0.0,0.0,0.0,0.0,0.0,0.0,0.0,0.0,0.0,0.0,0.0,0.0,0.0,0.0,0.0,0.0,0.0,0.0,0.0,0.0,0.0,0.0,0.0,0.0,0.0,0.0,0.0,0.0,0.0,0.0,0.0,0.0,0.0,0.0,0.0,0.0,0.0,0.0,0.0,0.0,0.0
50,0.0003086516960095745,5.984063494063179e-05,6.613964914490882e-05,0.00011338225567698655,8.398685605702707e-05,0.00014277765529694604,3.4644578123523665e-05,3.0445235320672315e-05,0.00012703011978625346,4.09435923278007e-05,6.403997774348314e-05,6.508981344419598e-05,9.238554166272978e-05,0.00010708324147270952,6.613964914490882e-05,8.398685605702707e-05,8.083734895488856e-05,0.00012912979118767914,0.00027190744648462515,0.00022571467565326027,0.000409435923278007,0.00017637239771975687,0.0001480268338005102,8.083734895488856e-05,3.674424952494935e-05,4.8292442232790567e-05,8.818619885987843e-05,6.718948484562166e-05,7.033899194776018e-05,6.508981344419598e-05,9.55350487648683e-05,4.1993428028513535e-05,3.884392092637502e-05,0.00013542880539195616,4.1993428028513535e-05,0.0002099671401425677,0.0002593094180760711,8.398685605702707e-05,0.00037794085225662183,7.138882764847302e-05,0.0001249304483848278,0.00017952190482189536,0.0001637743693112028,0.0021133192655349436,0.0025175060103093867,0.0005301670288599834,0.0009794967087650784,0.0007170377835868687,0.0005291171931592705,3.569441382423651e-05,0.0,0.00018687075472688524,0.0003359474242281083,0.000584758485297051,0.0014781686666036765,0.001085530114537075,0.0008409183962709835,0.0009102075525180309,0.0017164813706654909,0.0018571593545610111,0.00034434610983381103,0.00010708324147270952,0.00016692387641334131,4.9342277933503404e-05,4.5142935130652054e-05,1.994687831354393e-05,5.6691127838493273e-05,2.5196056817108124e-05,3.4644578123523665e-05,6.194030634205747e-05,4.724260653207773e-05,5.039211363421625e-05,5.6691127838493273e-05,4.9342277933503404e-05,2.2046549714969608e-05,0.00020891730444185484,0.00020786746874114202,0.0002834556391924664,4.724260653207773e-05,0.00022781434705468594,0.00041363526608085833,0.00010288389866985817,4.304326372922638e-05,0.0003390969313302468,0.0001417278195962332,5.8790799239918955e-05,9.238554166272978e-05,0.00019526944033258794,0.00022466483995254742,0.00020576779733971634
51,0.00010288389866985817,3.149507102138515e-05,2.0996714014256767e-05,4.9342277933503404e-05,3.359474242281083e-05,5.1441949334929086e-05,1.6797371211405414e-05,1.4697699809979739e-05,3.359474242281083e-05,1.36478641092669e-05,1.4697699809979739e-05,2.8345563919246637e-05,3.359474242281083e-05,2.4146221116395283e-05,1.6797371211405414e-05,2.3096385415682446e-05,2.9395399619959478e-05,5.8790799239918955e-05,0.00011863143418055075,9.028587026130411e-05,0.00018057174052260822,7.873767755346288e-05,5.039211363421625e-05,3.149507102138515e-05,2.4146221116395283e-05,1.8897042612831092e-05,3.254490672209799e-05,3.359474242281083e-05,3.4644578123523665e-05,1.8897042612831092e-05,3.989375662708786e-05,1.4697699809979739e-05,1.36478641092669e-05,4.5142935130652054e-05,7.348849904989869e-06,7.243866334918586e-05,0.0001091829128741352,2.6245892517820962e-05,0.00015957502650835144,2.2046549714969608e-05,4.724260653207773e-05,8.503669175773992e-05,6.089047064134463e-05,0.000818871846556014,0.0009773970373636526,0.00020786746874114202,0.0004209841159858482,0.0003390969313302468,0.00025511007527321975,1.6797371211405414e-05,7.033899194776018e-05,0.0,0.0001469769980997974,0.00022991401845611162,0.0006036555279098821,0.0004104857589787198,0.0003632431524466421,0.0003758411808551962,0.0006613964914490882,0.0007432836761046897,0.00013017962688839196,4.9342277933503404e-05,9.763472016629397e-05,2.2046549714969608e-05,1.5747535510692576e-05,5.249178503564192e-06,1.4697699809979739e-05,4.1993428028513535e-06,1.36478641092669e-05,1.994687831354393e-05,2.2046549714969608e-05,1.36478641092669e-05,1.1548192707841223e-05,2.5196056817108124e-05,1.0498357007128384e-05,9.028587026130411e-05,6.194030634205747e-05,9.973439156771965e-05,1.36478641092669e-05,9.133570596201695e-05,8.818619885987843e-05,2.72957282185338e-05,1.2598028408554062e-05,0.00011758159847983791,5.1441949334929086e-05,2.3096385415682446e-05,1.7847206912118255e-05,4.619277083136489e-05,6.403997774348314e-05,5.5641292137780436e-05
52,8.18871846556014e-05,1.5747535510692576e-05,2.5196056817108124e-05,4.304326372922638e-05,4.09435923278007e-05,5.8790799239918955e-05,9.448521306415546e-06,1.36478641092669e-05,4.304326372922638e-05,1.994687831354393e-05,1.2598028408554062e-05,1.994687831354393e-05,2.0996714014256767e-05,2.72957282185338e-05,1.4697699809979739e-05,2.5196056817108124e-05,3.149507102138515e-05,3.569441382423651e-05,0.00010183406296914533,8.503669175773992e-05,0.0001417278195962332,6.089047064134463e-05,5.354162073635476e-05,2.6245892517820962e-05,1.36478641092669e-05,3.0445235320672315e-05,2.72957282185338e-05,3.0445235320672315e-05,4.304326372922638e-05,1.8897042612831092e-05,2.9395399619959478e-05,1.2598028408554062e-05,1.0498357007128384e-05,3.0445235320672315e-05,8.398685605702707e-06,8.18871846556014e-05,0.00010603340577199668,2.2046549714969608e-05,0.00012703011978625346,1.6797371211405414e-05,3.884392092637502e-05,5.1441949334929086e-05,6.508981344419598e-05,0.0005732102925892098,0.0009112573882187438,0.00017637239771975687,0.0003485454526366624,0.00034434610983381103,0.00032649890292169275,1.8897042612831092e-05,5.6691127838493273e-05,9.028587026130411e-05,0.0,8.398685605702707e-05,0.00037269167375305766,0.00044303066570081784,0.0003873893735630374,0.0003926385520666016,0.0006991905766747504,0.0008335695463659937,0.00011863143418055075,3.674424952494935e-05,7.66380061520372e-05,1.5747535510692576e-05,1.994687831354393e-05,1.0498357007128384e-05,1.994687831354393e-05,4.1993428028513535e-06,2.2046549714969608e-05,1.994687831354393e-05,1.0498357007128384e-05,1.8897042612831092e-05,2.4146221116395283e-05,2.3096385415682446e-05,1.1548192707841223e-05,7.873767755346288e-05,7.138882764847302e-05,9.238554166272978e-05,1.36478641092669e-05,9.55350487648683e-05,0.00015747535510692576,3.254490672209799e-05,1.36478641092669e-05,0.0001553756837055001,5.774096353920611e-05,3.989375662708786e-05,3.569441382423651e-05,9.133570596201695e-05,8.293702035631423e-05,9.343537736344262e-05
53,0.00011653176277912507,1.8897042612831092e-05,2.8345563919246637e-05,5.8790799239918955e-05,5.039211363421625e-05,7.978751325417572e-05,2.8345563919246637e-05,9.448521306415546e-06,9.973439156771965e-05,2.3096385415682446e-05,2.3096385415682446e-05,2.9395399619959478e-05,2.5196056817108124e-05,2.3096385415682446e-05,2.3096385415682446e-05,3.569441382423651e-05,3.7794085225662185e-05,5.1441949334929086e-05,0.00011758159847983791,7.978751325417572e-05,0.0001910700975297366,5.354162073635476e-05,8.818619885987843e-05,5.039211363421625e-05,2.4146221116395283e-05,3.989375662708786e-05,3.989375662708786e-05,3.7794085225662185e-05,2.72957282185338e-05,1.2598028408554062e-05,3.0445235320672315e-05,9.448521306415546e-06,1.0498357007128384e-05,2.3096385415682446e-05,6.299014204277031e-06,7.453833475061153e-05,0.00012388061268411494,3.0445235320672315e-05,0.0001637743693112028,2.72957282185338e-05,4.304326372922638e-05,5.6691127838493273e-05,7.033899194776018e-05,0.0007348849904989869,0.0009217557452258721,0.0002099671401425677,0.00042413362308798674,0.00044932967990509484,0.00046297754401436177,3.7794085225662185e-05,0.00019002026182902377,0.00022151533285040892,9.55350487648683e-05,0.0,0.00017112321921619266,0.00033699725992882116,0.0002593094180760711,0.0003086516960095745,0.00048502409372933134,0.0005543132499763786,0.00013857831249409466,3.4644578123523665e-05,6.194030634205747e-05,1.5747535510692576e-05,2.72957282185338e-05,2.0996714014256767e-05,2.5196056817108124e-05,1.5747535510692576e-05,3.0445235320672315e-05,2.9395399619959478e-05,2.0996714014256767e-05,1.994687831354393e-05,1.8897042612831092e-05,1.7847206912118255e-05,6.299014204277031e-06,8.923603456059127e-05,8.818619885987843e-05,0.0001343789696912433,2.0996714014256767e-05,0.00011128258427556087,0.0003023526818052975,5.984063494063179e-05,3.569441382423651e-05,0.00023306352555825015,0.00010288389866985817,2.9395399619959478e-05,4.8292442232790567e-05,9.448521306415546e-05,0.00012178094128268926,0.0001448773266983717
54,0.0001910700975297366,3.149507102138515e-05,4.4093099429939216e-05,7.66380061520372e-05,6.613964914490882e-05,0.00011863143418055075,3.149507102138515e-05,3.359474242281083e-05,0.00013647864109266899,3.989375662708786e-05,4.8292442232790567e-05,5.1441949334929086e-05,5.039211363421625e-05,6.089047064134463e-05,2.2046549714969608e-05,3.674424952494935e-05,5.6691127838493273e-05,7.243866334918586e-05,0.00012807995548696629,0.0001553756837055001,0.000279256296389615,0.0001448773266983717,0.00017847206912118254,0.00010813307717342236,6.403997774348314e-05,4.8292442232790567e-05,7.978751325417572e-05,4.4093099429939216e-05,5.354162073635476e-05,5.6691127838493273e-05,6.089047064134463e-05,1.8897042612831092e-05,1.36478641092669e-05,2.9395399619959478e-05,1.2598028408554062e-05,0.00019002026182902377,0.00017007338351547984,6.29901420427703e-05,0.0002372628683611015,2.8345563919246637e-05,6.718948484562166e-05,7.243866334918586e-05,9.238554166272978e-05,0.0014088795103566292,0.0012020618773162,0.00033489758852739545,0.0006351505989312672,0.0009081078811166053,0.0009962940799764838,6.194030634205747e-05,0.0006550974772448112,0.00055851259277923,0.00037059200235163196,0.0001469769980997974,0.0,0.00023936253976252717,0.0005207185075535678,0.0005732102925892098,0.0009836960515679297,0.0009626993375536729,0.00019736911173401362,6.29901420427703e-05,5.774096353920611e-05,3.569441382423651e-05,3.0445235320672315e-05,2.5196056817108124e-05,5.8790799239918955e-05,2.5196056817108124e-05,5.039211363421625e-05,2.9395399619959478e-05,3.254490672209799e-05,3.359474242281083e-05,2.2046549714969608e-05,3.359474242281083e-05,1.5747535510692576e-05,0.00015432584800478724,8.398685605702707e-05,0.00013017962688839196,3.0445235320672315e-05,0.00026350876087892245,0.0007453833475061153,0.00018582091902617242,6.403997774348314e-05,0.0002918543247981691,0.0001532760123040744,5.2491785035641923e-05,8.923603456059127e-05,0.00019211993323044944,0.00024776122536822987,0.0002687579393824866
55,8.503669175773992e-05,2.0996714014256767e-05,2.5196056817108124e-05,3.7794085225662185e-05,3.4644578123523665e-05,5.2491785035641923e-05,2.2046549714969608e-05,1.4697699809979739e-05,6.823932054633449e-05,2.2046549714969608e-05,4.09435923278007e-05,2.8345563919246637e-05,3.0445235320672315e-05,3.674424952494935e-05,1.7847206912118255e-05,2.5196056817108124e-05,2.72957282185338e-05,2.8345563919246637e-05,5.2491785035641923e-05,5.8790799239918955e-05,0.00013542880539195616,6.508981344419598e-05,6.823932054633449e-05,5.6691127838493273e-05,3.254490672209799e-05,3.989375662708786e-05,5.8790799239918955e-05,3.0445235320672315e-05,1.994687831354393e-05,9.448521306415546e-06,2.8345563919246637e-05,2.0996714014256767e-06,8.398685605702707e-06,5.984063494063179e-05,9.448521306415546e-06,5.984063494063179e-05,7.138882764847302e-05,2.6245892517820962e-05,0.0001259802840855406,1.2598028408554062e-05,4.724260653207773e-05,4.619277083136489e-05,3.359474242281083e-05,0.0005154693290500037,0.0008209715179574396,0.0001774222334204697,0.000376891016555909,0.00047032639391935164,0.00048082475092648,3.149507102138515e-05,0.00039473822346802723,0.00032544906722097993,0.0003296484100238313,0.00023516319695967582,0.00021101697584328052,0.0,0.00018477108332545957,0.0002519605681710812,0.0005417152215678246,0.0005805591424941996,0.0001007842272684325,3.569441382423651e-05,4.4093099429939216e-05,1.2598028408554062e-05,1.8897042612831092e-05,8.398685605702707e-06,1.7847206912118255e-05,1.1548192707841223e-05,2.4146221116395283e-05,1.7847206912118255e-05,1.0498357007128384e-05,1.6797371211405414e-05,1.5747535510692576e-05,1.994687831354393e-05,9.448521306415546e-06,6.29901420427703e-05,4.4093099429939216e-05,6.508981344419598e-05,1.5747535510692576e-05,0.0001343789696912433,0.0003663926595487806,5.774096353920611e-05,1.4697699809979739e-05,0.0001774222334204697,7.033899194776018e-05,1.6797371211405414e-05,4.304326372922638e-05,7.978751325417572e-05,0.0001448773266983717,0.0001091829128741352
56,0.00012283077698340208,2.72957282185338e-05,2.4146221116395283e-05,5.984063494063179e-05,4.8292442232790567e-05,9.238554166272978e-05,2.5196056817108124e-05,1.994687831354393e-05,9.55350487648683e-05,5.45914564370676e-05,3.4644578123523665e-05,2.8345563919246637e-05,3.4644578123523665e-05,2.6245892517820962e-05,2.72957282185338e-05,3.884392092637502e-05,4.8292442232790567e-05,3.884392092637502e-05,0.0001091829128741352,0.00010498357007128385,0.00021206681154399337,7.453833475061153e-05,9.448521306415546e-05,4.8292442232790567e-05,3.884392092637502e-05,2.9395399619959478e-05,8.083734895488856e-05,4.8292442232790567e-05,2.8345563919246637e-05,2.5196056817108124e-05,4.304326372922638e-05,3.1495071021385155e-06,8.398685605702707e-06,1.2598028408554062e-05,8.398685605702707e-06,9.763472016629397e-05,0.00011548192707841222,3.989375662708786e-05,0.00020261829023757782,1.7847206912118255e-05,7.34884990498987e-05,6.718948484562166e-05,7.558817045132437e-05,0.000851416753278112,0.0012828992262710886,0.0002498608967696556,0.0006194030634205747,0.0007023400837768889,0.0005228181789549935,4.1993428028513535e-05,0.0004619277083136489,0.00039158871636588876,0.00039473822346802723,0.0003327979171259698,0.0005606122641806557,0.0001637743693112028,0.0,0.00020261829023757782,0.0004619277083136489,0.0005564129213778044,0.0001826714119240339,5.2491785035641923e-05,7.453833475061153e-05,3.359474242281083e-05,4.619277083136489e-05,1.1548192707841223e-05,4.619277083136489e-05,1.8897042612831092e-05,4.5142935130652054e-05,3.359474242281083e-05,2.2046549714969608e-05,2.2046549714969608e-05,2.0996714014256767e-05,2.8345563919246637e-05,1.5747535510692576e-05,0.00010393373437057101,8.18871846556014e-05,0.00012807995548696629,2.8345563919246637e-05,0.00018897042612831092,0.0004461801728029563,7.138882764847302e-05,3.989375662708786e-05,0.00028240580349175355,0.00010393373437057101,3.989375662708786e-05,4.304326372922638e-05,0.0001333291339905305,0.0002047179616390035,0.00017217305491690552
57,8.293702035631423e-05,3.149507102138515e-05,2.3096385415682446e-05,4.1993428028513535e-05,5.1441949334929086e-05,8.818619885987843e-05,1.994687831354393e-05,1.4697699809979739e-05,8.18871846556014e-05,2.5196056817108124e-05,3.7794085225662185e-05,3.149507102138515e-05,2.8345563919246637e-05,3.4644578123523665e-05,1.994687831354393e-05,1.994687831354393e-05,3.254490672209799e-05,3.254490672209799e-05,0.00010288389866985817,8.083734895488856e-05,0.00016692387641334131,9.448521306415546e-05,7.033899194776018e-05,3.674424952494935e-05,2.3096385415682446e-05,2.9395399619959478e-05,4.1993428028513535e-05,2.72957282185338e-05,3.884392092637502e-05,1.7847206912118255e-05,4.4093099429939216e-05,1.6797371211405414e-05,1.0498357007128384e-05,1.5747535510692576e-05,5.249178503564192e-06,0.00010183406296914533,0.0001333291339905305,3.569441382423651e-05,0.00014277765529694604,1.1548192707841223e-05,7.66380061520372e-05,5.8790799239918955e-05,5.8790799239918955e-05,0.0007768784185275005,0.0010382875080049972,0.00021206681154399337,0.0005217683432542807,0.0005385657144656861,0.0004314824729929766,1.994687831354393e-05,0.00039683789486945293,0.0003485454526366624,0.000376891016555909,0.00032859857432311846,0.0005280673574585578,0.0002488110610689427,0.00019211993323044944,0.0,0.00016587404071262846,0.0003327979171259698,0.0001553756837055001,3.149507102138515e-05,7.243866334918586e-05,2.6245892517820962e-05,2.8345563919246637e-05,9.448521306415546e-06,1.994687831354393e-05,1.1548192707841223e-05,1.7847206912118255e-05,2.2046549714969608e-05,1.5747535510692576e-05,1.7847206912118255e-05,1.5747535510692576e-05,1.5747535510692576e-05,8.398685605702707e-06,8.923603456059127e-05,5.8790799239918955e-05,8.818619885987843e-05,1.5747535510692576e-05,0.0001532760123040744,0.0004262332944894124,7.243866334918586e-05,2.8345563919246637e-05,0.0002540602395725069,8.18871846556014e-05,1.5747535510692576e-05,4.09435923278007e-05,0.00011443209137769938,0.00013647864109266899,0.00012912979118767914
58,0.00013857831249409466,3.149507102138515e-05,3.674424952494935e-05,6.823932054633449e-05,6.508981344419598e-05,0.00013857831249409466,4.09435923278007e-05,2.9395399619959478e-05,0.00012283077698340208,4.724260653207773e-05,5.984063494063179e-05,4.4093099429939216e-05,4.724260653207773e-05,5.2491785035641923e-05,3.989375662708786e-05,3.4644578123523665e-05,3.989375662708786e-05,4.304326372922638e-05,0.00010288389866985817,0.00010708324147270952,0.0002236150042518346,0.00010708324147270952,0.00012703011978625346,6.823932054633449e-05,5.8790799239918955e-05,6.823932054633449e-05,0.00010498357007128385,7.34884990498987e-05,5.039211363421625e-05,3.989375662708786e-05,4.9342277933503404e-05,7.348849904989869e-06,1.4697699809979739e-05,3.359474242281083e-05,8.398685605702707e-06,0.0001417278195962332,0.00013857831249409466,4.09435923278007e-05,0.00019841894743472647,2.5196056817108124e-05,8.18871846556014e-05,7.558817045132437e-05,8.083734895488856e-05,0.0008073236538481727,0.0013164939686938994,0.0002876549819953177,0.0007138882764847302,0.0009196560738244465,0.0008608652745845275,6.089047064134463e-05,0.0005994561851070308,0.0005511637428742402,0.0005543132499763786,0.00039158871636588876,0.0008629649459859532,0.0004230837873872739,0.00047032639391935164,0.00013752847679338184,0.0,0.00031810021731599005,0.00020681763304042917,5.45914564370676e-05,7.66380061520372e-05,4.304326372922638e-05,6.194030634205747e-05,1.4697699809979739e-05,5.1441949334929086e-05,3.569441382423651e-05,3.989375662708786e-05,3.359474242281083e-05,3.149507102138515e-05,3.4644578123523665e-05,1.994687831354393e-05,3.149507102138515e-05,1.994687831354393e-05,0.0001448773266983717,5.774096353920611e-05,0.0001091829128741352,4.4093099429939216e-05,0.00025615991097393257,0.0006624463271498011,0.00013752847679338184,6.194030634205747e-05,0.00033699725992882116,0.00014277765529694604,5.6691127838493273e-05,7.768784185275004e-05,0.00014277765529694604,0.0002519605681710812,0.00021521631864613187
59,0.00030760186030886165,5.6691127838493273e-05,8.293702035631423e-05,0.00018582091902617242,0.0001742727263183312,0.00025615991097393257,7.978751325417572e-05,5.5641292137780436e-05,0.00020786746874114202,9.658488446558113e-05,9.133570596201695e-05,0.00010393373437057101,0.00013017962688839196,0.00011758159847983791,7.558817045132437e-05,8.18871846556014e-05,8.818619885987843e-05,8.923603456059127e-05,0.0002813559677910407,0.0002498608967696556,0.0005564129213778044,0.00023411336125896297,0.0002918543247981691,0.0001501265052019359,0.00012388061268411494,0.00011758159847983791,0.00020681763304042917,8.18871846556014e-05,8.71363631591656e-05,4.724260653207773e-05,6.613964914490882e-05,8.398685605702707e-06,8.398685605702707e-06,0.00012703011978625346,7.348849904989869e-06,0.00038843920926375023,0.0003233493958195542,0.00010288389866985817,0.00048187458662719287,7.453833475061153e-05,0.0002236150042518346,0.00020576779733971634,0.00020051861883615214,0.0015821024009742475,0.0035452951613072553,0.0006981407409740375,0.001580002729572822,0.0020030865169600957,0.00193064785361091,9.763472016629397e-05,0.0009207059095251594,0.000890260674204487,0.0008566659317816762,0.0006519479701426726,0.00103198849380072,0.0005427650572685375,0.000604705363610595,0.00035904380964379073,0.0005144194933492908,0.0,0.0005165191647507165,0.00013542880539195616,0.00019526944033258794,8.083734895488856e-05,9.763472016629397e-05,4.09435923278007e-05,9.028587026130411e-05,5.354162073635476e-05,8.608652745845276e-05,6.508981344419598e-05,3.674424952494935e-05,5.45914564370676e-05,4.4093099429939216e-05,3.7794085225662185e-05,2.0996714014256767e-05,0.00041468510178157116,0.0001501265052019359,0.0002582595823753583,9.343537736344262e-05,0.00040733625187658134,0.0011873641775062202,0.00024776122536822987,8.923603456059127e-05,0.00047872507952505434,0.0002761067892874765,9.028587026130411e-05,0.0001532760123040744,0.0003327979171259698,0.0005312168645606963,0.0003495952883373752
60,3.884392092637502e-05,7.348849904989869e-06,8.398685605702707e-06,2.4146221116395283e-05,6.089047064134463e-05,9.028587026130411e-05,6.089047064134463e-05,1.0498357007128384e-05,7.978751325417572e-05,5.2491785035641923e-05,8.083734895488856e-05,0.00010813307717342236,0.0001879205904275981,0.00011863143418055075,9.133570596201695e-05,0.00011653176277912507,0.00011023274857484803,0.0001963192760333008,3.4644578123523665e-05,2.0996714014256767e-05,1.1548192707841223e-05,3.884392092637502e-05,5.2491785035641923e-05,3.989375662708786e-05,2.2046549714969608e-05,5.354162073635476e-05,0.00010603340577199668,9.55350487648683e-05,0.00012912979118767914,6.089047064134463e-05,0.00020891730444185484,3.0445235320672315e-05,5.984063494063179e-05,0.00015432584800478724,3.4644578123523665e-05,0.00039158871636588876,4.304326372922638e-05,9.448521306415546e-06,1.4697699809979739e-05,5.249178503564192e-06,2.8345563919246637e-05,8.503669175773992e-05,4.8292442232790567e-05,0.0005679611140856456,5.039211363421625e-05,2.3096385415682446e-05,0.00010498357007128385,0.00014907666950122306,0.00013227929828981764,1.994687831354393e-05,0.00019211993323044944,0.00015222617660336156,0.00015117634090264874,0.00013227929828981764,0.00018477108332545957,0.00010813307717342236,0.00019002026182902377,0.0001469769980997974,0.0002603592537767839,0.0003653428238480678,0.0,1.8897042612831092e-05,8.503669175773992e-05,0.00012912979118767914,0.00023411336125896297,0.00017007338351547984,9.868455586700681e-05,0.0002813559677910407,0.00047872507952505434,0.00037269167375305766,0.00028240580349175355,0.00035589430254165226,0.00027400711788605085,0.00030970153171028735,0.0001501265052019359,0.000383190030760186,0.00011758159847983791,1.8897042612831092e-05,1.0498357007128384e-05,8.293702035631423e-05,0.0001774222334204697,3.4644578123523665e-05,1.2598028408554062e-05,0.00019316976893116227,8.18871846556014e-05,8.71363631591656e-05,6.089047064134463e-05,6.089047064134463e-05,0.00011233241997627371,0.00014382749099765886
61,1.6797371211405414e-05,2.0996714014256767e-06,6.299014204277031e-06,1.0498357007128384e-06,8.398685605702707e-06,1.6797371211405414e-05,8.398685605702707e-06,1.0498357007128384e-06,1.4697699809979739e-05,8.398685605702707e-06,2.0996714014256767e-05,2.2046549714969608e-05,2.6245892517820962e-05,1.8897042612831092e-05,1.994687831354393e-05,1.994687831354393e-05,1.7847206912118255e-05,2.2046549714969608e-05,4.724260653207773e-05,6.299014204277031e-06,1.0498357007128384e-06,1.2598028408554062e-05,1.7847206912118255e-05,8.398685605702707e-06,7.348849904989869e-06,1.7847206912118255e-05,2.8345563919246637e-05,3.0445235320672315e-05,4.5142935130652054e-05,3.0445235320672315e-05,8.293702035631423e-05,8.398685605702707e-06,2.3096385415682446e-05,7.453833475061153e-05,1.5747535510692576e-05,0.00022151533285040892,1.5747535510692576e-05,8.398685605702707e-06,2.0996714014256767e-06,4.1993428028513535e-06,1.2598028408554062e-05,1.2598028408554062e-05,1.1548192707841223e-05,8.923603456059127e-05,1.2598028408554062e-05,3.1495071021385155e-06,2.6245892517820962e-05,1.5747535510692576e-05,2.4146221116395283e-05,8.398685605702707e-06,1.8897042612831092e-05,2.2046549714969608e-05,2.0996714014256767e-05,1.5747535510692576e-05,1.4697699809979739e-05,1.0498357007128384e-05,1.1548192707841223e-05,8.398685605702707e-06,3.149507102138515e-05,3.149507102138515e-05,7.348849904989869e-06,0.0,1.2598028408554062e-05,2.5196056817108124e-05,8.608652745845276e-05,5.354162073635476e-05,3.359474242281083e-05,0.0001091829128741352,0.000169023547814767,0.00012283077698340208,0.00011758159847983791,0.00013017962688839196,9.658488446558113e-05,0.00011128258427556087,5.774096353920611e-05,0.00023411336125896297,7.033899194776018e-05,4.5142935130652054e-05,1.0498357007128384e-06,1.6797371211405414e-05,2.72957282185338e-05,1.6797371211405414e-05,9.448521306415546e-06,3.569441382423651e-05,3.674424952494935e-05,3.7794085225662185e-05,3.989375662708786e-05,2.6245892517820962e-05,4.4093099429939216e-05,6.089047064134463e-05
62,3.4644578123523665e-05,8.398685605702707e-06,8.398685605702707e-06,2.0996714014256767e-05,6.299014204277031e-06,2.2046549714969608e-05,1.6797371211405414e-05,6.299014204277031e-06,3.989375662708786e-05,3.149507102138515e-05,4.619277083136489e-05,5.8790799239918955e-05,9.238554166272978e-05,4.8292442232790567e-05,3.359474242281083e-05,5.984063494063179e-05,7.558817045132437e-05,0.00010498357007128385,6.613964914490882e-05,3.0445235320672315e-05,2.5196056817108124e-05,2.2046549714969608e-05,3.254490672209799e-05,1.994687831354393e-05,2.0996714014256767e-05,6.403997774348314e-05,9.55350487648683e-05,6.823932054633449e-05,0.00013017962688839196,6.613964914490882e-05,0.00019421960463187512,4.09435923278007e-05,6.089047064134463e-05,0.00018162157622332104,3.884392092637502e-05,0.0005963066780048923,6.928915624704733e-05,7.033899194776018e-05,2.2046549714969608e-05,1.36478641092669e-05,2.4146221116395283e-05,5.45914564370676e-05,2.0996714014256767e-05,0.0007285859762947099,5.8790799239918955e-05,4.09435923278007e-05,4.619277083136489e-05,5.774096353920611e-05,6.403997774348314e-05,1.2598028408554062e-05,0.0001396281481948075,0.0001553756837055001,0.00011758159847983791,0.00010498357007128385,0.00011338225567698655,6.823932054633449e-05,9.973439156771965e-05,8.083734895488856e-05,0.00017007338351547984,0.0001774222334204697,7.243866334918586e-05,1.2598028408554062e-05,0.0,1.2598028408554062e-05,3.7794085225662185e-05,2.6245892517820962e-05,2.8345563919246637e-05,5.5641292137780436e-05,0.00010498357007128385,0.00010498357007128385,0.00014067798389552036,0.00011758159847983791,9.763472016629397e-05,9.133570596201695e-05,4.724260653207773e-05,0.0005469644000713888,0.0001007842272684325,7.243866334918586e-05,9.448521306415546e-06,6.928915624704733e-05,0.00012807995548696629,4.8292442232790567e-05,2.3096385415682446e-05,0.0001553756837055001,3.149507102138515e-05,3.0445235320672315e-05,2.2046549714969608e-05,1.8897042612831092e-05,3.989375662708786e-05,3.359474242281083e-05
63,2.8345563919246637e-05,1.0498357007128384e-06,4.1993428028513535e-06,5.249178503564192e-06,6.299014204277031e-06,5.249178503564192e-06,7.348849904989869e-06,5.249178503564192e-06,1.0498357007128384e-05,1.2598028408554062e-05,1.7847206912118255e-05,2.9395399619959478e-05,3.4644578123523665e-05,1.7847206912118255e-05,8.398685605702707e-06,1.4697699809979739e-05,1.5747535510692576e-05,2.0996714014256767e-05,5.774096353920611e-05,2.0996714014256767e-05,1.0498357007128384e-05,7.348849904989869e-06,1.0498357007128384e-05,1.4697699809979739e-05,7.348849904989869e-06,1.6797371211405414e-05,3.149507102138515e-05,3.569441382423651e-05,3.884392092637502e-05,2.3096385415682446e-05,5.354162073635476e-05,1.1548192707841223e-05,2.3096385415682446e-05,3.884392092637502e-05,5.249178503564192e-06,7.768784185275004e-05,1.7847206912118255e-05,1.1548192707841223e-05,1.1548192707841223e-05,7.348849904989869e-06,5.249178503564192e-06,9.448521306415546e-06,1.2598028408554062e-05,3.569441382423651e-05,5.774096353920611e-05,6.299014204277031e-06,1.36478641092669e-05,1.5747535510692576e-05,1.7847206912118255e-05,1.5747535510692576e-05,1.8897042612831092e-05,1.2598028408554062e-05,1.8897042612831092e-05,1.5747535510692576e-05,2.3096385415682446e-05,2.2046549714969608e-05,2.6245892517820962e-05,2.0996714014256767e-05,3.674424952494935e-05,3.989375662708786e-05,0.0001091829128741352,2.6245892517820962e-05,1.0498357007128384e-05,0.0,1.36478641092669e-05,1.1548192707841223e-05,2.0996714014256767e-05,3.884392092637502e-05,6.928915624704733e-05,7.453833475061153e-05,8.18871846556014e-05,7.138882764847302e-05,6.508981344419598e-05,7.243866334918586e-05,2.72957282185338e-05,0.00010183406296914533,4.619277083136489e-05,3.359474242281083e-05,1.0498357007128384e-06,3.989375662708786e-05,5.2491785035641923e-05,2.9395399619959478e-05,9.448521306415546e-06,8.818619885987843e-05,2.72957282185338e-05,2.2046549714969608e-05,1.2598028408554062e-05,1.1548192707841223e-05,3.0445235320672315e-05,2.4146221116395283e-05
64,4.304326372922638e-05,5.249178503564192e-06,1.2598028408554062e-05,1.5747535510692576e-05,2.0996714014256767e-06,1.6797371211405414e-05,1.36478641092669e-05,5.249178503564192e-06,3.149507102138515e-05,1.4697699809979739e-05,2.2046549714969608e-05,1.8897042612831092e-05,2.8345563919246637e-05,2.3096385415682446e-05,1.5747535510692576e-05,1.5747535510692576e-05,2.0996714014256767e-05,2.5196056817108124e-05,6.718948484562166e-05,2.6245892517820962e-05,1.4697699809979739e-05,1.0498357007128384e-05,1.6797371211405414e-05,1.4697699809979739e-05,1.36478641092669e-05,1.8897042612831092e-05,2.3096385415682446e-05,1.6797371211405414e-05,2.0996714014256767e-05,3.359474242281083e-05,5.984063494063179e-05,1.4697699809979739e-05,1.4697699809979739e-05,6.089047064134463e-05,6.299014204277031e-06,0.00018162157622332104,2.3096385415682446e-05,3.569441382423651e-05,1.0498357007128384e-05,1.5747535510692576e-05,1.1548192707841223e-05,2.3096385415682446e-05,2.2046549714969608e-05,0.0001091829128741352,6.403997774348314e-05,1.6797371211405414e-05,2.4146221116395283e-05,1.7847206912118255e-05,1.2598028408554062e-05,1.994687831354393e-05,2.0996714014256767e-05,1.6797371211405414e-05,1.8897042612831092e-05,1.2598028408554062e-05,2.3096385415682446e-05,1.994687831354393e-05,2.9395399619959478e-05,2.5196056817108124e-05,5.2491785035641923e-05,6.29901420427703e-05,0.00018372124762474671,8.083734895488856e-05,3.674424952494935e-05,1.994687831354393e-05,0.0,1.36478641092669e-05,3.674424952494935e-05,7.768784185275004e-05,0.00011548192707841222,0.00011023274857484803,0.00010288389866985817,0.00010708324147270952,0.00010183406296914533,8.398685605702707e-05,3.0445235320672315e-05,0.00018372124762474671,8.71363631591656e-05,6.194030634205747e-05,1.36478641092669e-05,5.2491785035641923e-05,4.09435923278007e-05,5.8790799239918955e-05,1.8897042612831092e-05,9.238554166272978e-05,3.7794085225662185e-05,3.4644578123523665e-05,2.5196056817108124e-05,3.989375662708786e-05,3.359474242281083e-05,3.989375662708786e-05
65,3.359474242281083e-05,2.0996714014256767e-06,5.249178503564192e-06,8.398685605702707e-06,7.348849904989869e-06,9.448521306415546e-06,5.249178503564192e-06,7.348849904989869e-06,1.2598028408554062e-05,1.0498357007128384e-06,1.6797371211405414e-05,8.398685605702707e-06,1.36478641092669e-05,7.348849904989869e-06,1.1548192707841223e-05,7.348849904989869e-06,5.249178503564192e-06,1.994687831354393e-05,7.033899194776018e-05,1.36478641092669e-05,5.249178503564192e-06,9.448521306415546e-06,7.348849904989869e-06,3.1495071021385155e-06,4.1993428028513535e-06,8.398685605702707e-06,1.2598028408554062e-05,1.1548192707841223e-05,6.299014204277031e-06,4.1993428028513535e-06,9.448521306415546e-06,4.1993428028513535e-06,2.0996714014256767e-06,1.994687831354393e-05,1.0498357007128384e-06,0.00011758159847983791,1.6797371211405414e-05,2.8345563919246637e-05,1.5747535510692576e-05,1.0498357007128384e-05,8.398685605702707e-06,3.884392092637502e-05,6.299014204277031e-06,7.453833475061153e-05,5.354162073635476e-05,1.36478641092669e-05,1.5747535510692576e-05,8.398685605702707e-06,2.0996714014256767e-06,8.398685605702707e-06,6.299014204277031e-06,3.1495071021385155e-06,7.348849904989869e-06,5.249178503564192e-06,6.299014204277031e-06,2.0996714014256767e-06,5.249178503564192e-06,7.348849904989869e-06,8.398685605702707e-06,1.6797371211405414e-05,0.00015957502650835144,6.29901420427703e-05,2.4146221116395283e-05,1.8897042612831092e-05,1.5747535510692576e-05,0.0,1.0498357007128384e-05,2.3096385415682446e-05,6.403997774348314e-05,6.403997774348314e-05,5.5641292137780436e-05,5.039211363421625e-05,5.2491785035641923e-05,4.304326372922638e-05,2.5196056817108124e-05,9.133570596201695e-05,7.453833475061153e-05,6.29901420427703e-05,1.0498357007128384e-06,2.0996714014256767e-05,1.2598028408554062e-05,1.0498357007128384e-05,5.249178503564192e-06,2.6245892517820962e-05,1.5747535510692576e-05,1.36478641092669e-05,1.1548192707841223e-05,9.448521306415546e-06,9.448521306415546e-06,1.6797371211405414e-05
66,1.8897042612831092e-05,0.0,7.348849904989869e-06,1.5747535510692576e-05,9.448521306415546e-06,7.348849904989869e-06,5.249178503564192e-06,8.398685605702707e-06,1.7847206912118255e-05,4.1993428028513535e-06,9.448521306415546e-06,1.994687831354393e-05,1.8897042612831092e-05,8.398685605702707e-06,3.1495071021385155e-06,8.398685605702707e-06,1.0498357007128384e-05,1.0498357007128384e-05,2.2046549714969608e-05,2.5196056817108124e-05,1.2598028408554062e-05,1.36478641092669e-05,1.0498357007128384e-05,9.448521306415546e-06,8.398685605702707e-06,8.398685605702707e-06,1.8897042612831092e-05,2.5196056817108124e-05,6.299014204277031e-06,1.6797371211405414e-05,3.149507102138515e-05,3.1495071021385155e-06,6.299014204277031e-06,2.5196056817108124e-05,3.1495071021385155e-06,5.45914564370676e-05,9.448521306415546e-06,1.4697699809979739e-05,7.348849904989869e-06,8.398685605702707e-06,1.6797371211405414e-05,1.7847206912118255e-05,8.398685605702707e-06,9.658488446558113e-05,3.149507102138515e-05,1.5747535510692576e-05,1.36478641092669e-05,1.4697699809979739e-05,1.1548192707841223e-05,1.5747535510692576e-05,1.5747535510692576e-05,1.5747535510692576e-05,1.1548192707841223e-05,1.2598028408554062e-05,2.5196056817108124e-05,7.348849904989869e-06,1.5747535510692576e-05,9.448521306415546e-06,1.994687831354393e-05,3.569441382423651e-05,8.71363631591656e-05,2.9395399619959478e-05,2.5196056817108124e-05,2.6245892517820962e-05,3.569441382423651e-05,3.1495071021385155e-06,0.0,9.448521306415546e-06,3.0445235320672315e-05,3.884392092637502e-05,4.8292442232790567e-05,3.359474242281083e-05,2.2046549714969608e-05,3.254490672209799e-05,1.4697699809979739e-05,4.724260653207773e-05,3.569441382423651e-05,2.9395399619959478e-05,4.1993428028513535e-06,7.138882764847302e-05,6.194030634205747e-05,3.569441382423651e-05,1.36478641092669e-05,5.2491785035641923e-05,1.994687831354393e-05,2.0996714014256767e-05,9.448521306415546e-06,1.7847206912118255e-05,1.994687831354393e-05,1.8897042612831092e-05
67,4.619277083136489e-05,2.0996714014256767e-06,1.2598028408554062e-05,1.36478641092669e-05,1.2598028408554062e-05,1.4697699809979739e-05,7.348849904989869e-06,4.1993428028513535e-06,1.1548192707841223e-05,1.0498357007128384e-06,7.348849904989869e-06,9.448521306415546e-06,1.5747535510692576e-05,9.448521306415546e-06,8.398685605702707e-06,4.1993428028513535e-06,7.348849904989869e-06,1.6797371211405414e-05,8.293702035631423e-05,3.674424952494935e-05,1.8897042612831092e-05,2.0996714014256767e-05,2.3096385415682446e-05,8.398685605702707e-06,9.448521306415546e-06,3.1495071021385155e-06,1.2598028408554062e-05,1.36478641092669e-05,1.0498357007128384e-05,9.448521306415546e-06,1.36478641092669e-05,4.1993428028513535e-06,4.1993428028513535e-06,1.6797371211405414e-05,2.0996714014256767e-06,0.00017112321921619266,3.149507102138515e-05,3.254490672209799e-05,2.4146221116395283e-05,1.1548192707841223e-05,1.994687831354393e-05,4.304326372922638e-05,2.3096385415682446e-05,0.00020681763304042917,7.453833475061153e-05,2.0996714014256767e-05,3.359474242281083e-05,1.1548192707841223e-05,9.448521306415546e-06,1.0498357007128384e-06,9.448521306415546e-06,6.299014204277031e-06,8.398685605702707e-06,7.348849904989869e-06,1.7847206912118255e-05,4.1993428028513535e-06,1.2598028408554062e-05,2.0996714014256767e-06,2.3096385415682446e-05,1.994687831354393e-05,0.00023831270406181432,9.973439156771965e-05,4.4093099429939216e-05,4.5142935130652054e-05,8.293702035631423e-05,2.3096385415682446e-05,1.1548192707841223e-05,0.0,3.569441382423651e-05,9.028587026130411e-05,7.66380061520372e-05,6.823932054633449e-05,7.138882764847302e-05,6.403997774348314e-05,2.4146221116395283e-05,0.00013857831249409466,9.658488446558113e-05,7.66380061520372e-05,5.249178503564192e-06,3.149507102138515e-05,3.0445235320672315e-05,1.4697699809979739e-05,6.299014204277031e-06,2.72957282185338e-05,1.2598028408554062e-05,1.36478641092669e-05,8.398685605702707e-06,1.1548192707841223e-05,1.6797371211405414e-05,1.7847206912118255e-05
68,6.089047064134463e-05,3.254490672209799e-05,1.6797371211405414e-05,1.994687831354393e-05,1.8897042612831092e-05,2.6245892517820962e-05,1.1548192707841223e-05,5.249178503564192e-06,2.5196056817108124e-05,8.398685605702707e-06,1.5747535510692576e-05,1.0498357007128384e-05,1.36478641092669e-05,1.0498357007128384e-05,5.249178503564192e-06,9.448521306415546e-06,1.36478641092669e-05,1.6797371211405414e-05,0.00010183406296914533,3.254490672209799e-05,2.72957282185338e-05,3.0445235320672315e-05,2.4146221116395283e-05,1.5747535510692576e-05,2.2046549714969608e-05,1.8897042612831092e-05,2.0996714014256767e-05,8.398685605702707e-06,1.36478641092669e-05,6.299014204277031e-06,3.569441382423651e-05,7.348849904989869e-06,1.2598028408554062e-05,2.4146221116395283e-05,8.398685605702707e-06,0.00015642551940621294,4.5142935130652054e-05,3.254490672209799e-05,2.2046549714969608e-05,2.3096385415682446e-05,2.6245892517820962e-05,6.928915624704733e-05,2.3096385415682446e-05,0.00023621303266038865,0.00011338225567698655,1.994687831354393e-05,5.45914564370676e-05,4.5142935130652054e-05,1.7847206912118255e-05,1.5747535510692576e-05,1.994687831354393e-05,2.4146221116395283e-05,2.0996714014256767e-05,1.994687831354393e-05,3.4644578123523665e-05,2.2046549714969608e-05,4.1993428028513535e-05,2.0996714014256767e-05,4.8292442232790567e-05,4.9342277933503404e-05,0.0003023526818052975,0.00011128258427556087,6.718948484562166e-05,6.403997774348314e-05,8.18871846556014e-05,5.1441949334929086e-05,2.8345563919246637e-05,1.8897042612831092e-05,0.0,7.033899194776018e-05,7.453833475061153e-05,7.34884990498987e-05,7.66380061520372e-05,6.928915624704733e-05,2.72957282185338e-05,0.00017322289061761834,0.00011548192707841222,9.658488446558113e-05,5.249178503564192e-06,0.00010288389866985817,9.448521306415546e-05,6.403997774348314e-05,1.2598028408554062e-05,5.5641292137780436e-05,2.5196056817108124e-05,3.0445235320672315e-05,3.0445235320672315e-05,5.6691127838493273e-05,3.254490672209799e-05,3.569441382423651e-05
69,0.0001007842272684325,7.348849904989869e-06,3.0445235320672315e-05,2.0996714014256767e-05,3.254490672209799e-05,3.884392092637502e-05,2.0996714014256767e-05,1.1548192707841223e-05,2.5196056817108124e-05,1.5747535510692576e-05,6.299014204277031e-06,3.0445235320672315e-05,9.448521306415546e-06,1.2598028408554062e-05,6.299014204277031e-06,1.36478641092669e-05,1.1548192707841223e-05,1.5747535510692576e-05,0.00011968126988126359,5.45914564370676e-05,2.5196056817108124e-05,3.989375662708786e-05,2.6245892517820962e-05,3.254490672209799e-05,1.7847206912118255e-05,1.1548192707841223e-05,2.3096385415682446e-05,1.36478641092669e-05,1.5747535510692576e-05,9.448521306415546e-06,1.8897042612831092e-05,8.398685605702707e-06,4.1993428028513535e-06,2.8345563919246637e-05,3.1495071021385155e-06,0.0001826714119240339,3.569441382423651e-05,4.1993428028513535e-05,2.72957282185338e-05,2.9395399619959478e-05,2.2046549714969608e-05,8.608652745845276e-05,2.6245892517820962e-05,0.00028030613209032785,0.00015642551940621294,3.254490672209799e-05,8.293702035631423e-05,7.558817045132437e-05,3.569441382423651e-05,1.5747535510692576e-05,2.6245892517820962e-05,2.72957282185338e-05,2.9395399619959478e-05,1.6797371211405414e-05,3.254490672209799e-05,1.6797371211405414e-05,3.4644578123523665e-05,2.9395399619959478e-05,4.09435923278007e-05,5.1441949334929086e-05,0.0003275487386224056,0.00011653176277912507,0.00010708324147270952,7.138882764847302e-05,0.00011233241997627371,5.5641292137780436e-05,3.989375662708786e-05,7.873767755346288e-05,6.718948484562166e-05,0.0,2.8345563919246637e-05,6.718948484562166e-05,8.71363631591656e-05,8.18871846556014e-05,3.989375662708786e-05,0.0001879205904275981,0.0001994687831354393,0.0001501265052019359,1.36478641092669e-05,0.00013017962688839196,0.00013647864109266899,7.873767755346288e-05,1.4697699809979739e-05,7.138882764847302e-05,5.8790799239918955e-05,3.254490672209799e-05,3.149507102138515e-05,3.359474242281083e-05,2.9395399619959478e-05,4.1993428028513535e-05
70,0.00010288389866985817,2.0996714014256767e-06,1.994687831354393e-05,2.2046549714969608e-05,2.5196056817108124e-05,2.5196056817108124e-05,5.249178503564192e-06,9.448521306415546e-06,2.72957282185338e-05,1.4697699809979739e-05,1.1548192707841223e-05,1.0498357007128384e-05,2.2046549714969608e-05,9.448521306415546e-06,3.1495071021385155e-06,6.299014204277031e-06,1.1548192707841223e-05,8.398685605702707e-06,0.0001249304483848278,2.5196056817108124e-05,1.5747535510692576e-05,3.254490672209799e-05,2.8345563919246637e-05,6.299014204277031e-06,8.398685605702707e-06,1.4697699809979739e-05,1.2598028408554062e-05,5.249178503564192e-06,1.7847206912118255e-05,6.299014204277031e-06,3.1495071021385155e-06,5.249178503564192e-06,7.348849904989869e-06,1.8897042612831092e-05,3.1495071021385155e-06,0.00012912979118767914,3.989375662708786e-05,1.4697699809979739e-05,1.5747535510692576e-05,2.2046549714969608e-05,2.6245892517820962e-05,8.818619885987843e-05,2.72957282185338e-05,0.0001879205904275981,0.00011548192707841222,2.5196056817108124e-05,6.29901420427703e-05,4.4093099429939216e-05,2.9395399619959478e-05,2.0996714014256767e-05,2.72957282185338e-05,2.2046549714969608e-05,2.3096385415682446e-05,2.5196056817108124e-05,2.3096385415682446e-05,1.0498357007128384e-05,1.2598028408554062e-05,1.4697699809979739e-05,3.359474242281083e-05,2.2046549714969608e-05,0.00021941566144898324,9.238554166272978e-05,9.133570596201695e-05,7.873767755346288e-05,0.0001007842272684325,3.0445235320672315e-05,3.254490672209799e-05,4.9342277933503404e-05,5.354162073635476e-05,1.994687831354393e-05,0.0,3.989375662708786e-05,4.8292442232790567e-05,3.7794085225662185e-05,2.8345563919246637e-05,0.00010603340577199668,0.00015852519080763861,0.00011548192707841222,8.398685605702707e-06,8.503669175773992e-05,0.00012912979118767914,5.774096353920611e-05,7.348849904989869e-06,4.304326372922638e-05,3.0445235320672315e-05,3.674424952494935e-05,1.1548192707841223e-05,2.2046549714969608e-05,2.3096385415682446e-05,2.4146221116395283e-05
71,0.00010498357007128385,4.1993428028513535e-06,2.6245892517820962e-05,2.9395399619959478e-05,2.3096385415682446e-05,2.9395399619959478e-05,9.448521306415546e-06,8.398685605702707e-06,2.3096385415682446e-05,1.0498357007128384e-05,1.0498357007128384e-05,1.8897042612831092e-05,1.8897042612831092e-05,9.448521306415546e-06,5.249178503564192e-06,8.398685605702707e-06,1.0498357007128384e-05,1.1548192707841223e-05,0.00015117634090264874,4.724260653207773e-05,1.994687831354393e-05,1.5747535510692576e-05,2.72957282185338e-05,1.1548192707841223e-05,1.8897042612831092e-05,1.5747535510692576e-05,3.254490672209799e-05,1.36478641092669e-05,1.36478641092669e-05,8.398685605702707e-06,7.348849904989869e-06,5.249178503564192e-06,4.1993428028513535e-06,1.994687831354393e-05,4.1993428028513535e-06,0.0001532760123040744,4.09435923278007e-05,1.36478641092669e-05,1.6797371211405414e-05,2.0996714014256767e-05,2.3096385415682446e-05,6.823932054633449e-05,2.2046549714969608e-05,0.00021101697584328052,0.00013542880539195616,2.0996714014256767e-05,7.558817045132437e-05,4.4093099429939216e-05,3.0445235320672315e-05,2.2046549714969608e-05,2.8345563919246637e-05,2.8345563919246637e-05,3.674424952494935e-05,2.3096385415682446e-05,4.1993428028513535e-05,1.36478641092669e-05,3.149507102138515e-05,1.994687831354393e-05,3.674424952494935e-05,3.674424952494935e-05,0.0003128510388124259,0.00011233241997627371,8.923603456059127e-05,5.774096353920611e-05,9.028587026130411e-05,3.884392092637502e-05,2.2046549714969608e-05,7.558817045132437e-05,8.293702035631423e-05,6.29901420427703e-05,4.8292442232790567e-05,0.0,1.7847206912118255e-05,3.0445235320672315e-05,2.6245892517820962e-05,0.00012807995548696629,0.00018372124762474671,0.0001259802840855406,7.348849904989869e-06,0.00010498357007128385,8.818619885987843e-05,7.453833475061153e-05,2.5196056817108124e-05,5.039211363421625e-05,3.884392092637502e-05,3.359474242281083e-05,1.994687831354393e-05,2.2046549714969608e-05,3.0445235320672315e-05,1.4697699809979739e-05
72,4.5142935130652054e-05,5.249178503564192e-06,1.2598028408554062e-05,1.8897042612831092e-05,1.0498357007128384e-05,2.4146221116395283e-05,1.0498357007128384e-05,8.398685605702707e-06,1.7847206912118255e-05,6.299014204277031e-06,1.1548192707841223e-05,1.0498357007128384e-05,1.36478641092669e-05,5.249178503564192e-06,6.299014204277031e-06,1.5747535510692576e-05,1.0498357007128384e-06,1.0498357007128384e-06,5.354162073635476e-05,2.4146221116395283e-05,1.2598028408554062e-05,2.3096385415682446e-05,1.6797371211405414e-05,1.1548192707841223e-05,9.448521306415546e-06,1.36478641092669e-05,2.3096385415682446e-05,1.36478641092669e-05,1.6797371211405414e-05,9.448521306415546e-06,1.1548192707841223e-05,2.0996714014256767e-06,2.0996714014256767e-06,1.8897042612831092e-05,1.0498357007128384e-06,0.0001091829128741352,3.359474242281083e-05,1.2598028408554062e-05,7.348849904989869e-06,1.6797371211405414e-05,2.2046549714969608e-05,5.984063494063179e-05,2.2046549714969608e-05,0.00018057174052260822,7.033899194776018e-05,9.448521306415546e-06,4.4093099429939216e-05,3.884392092637502e-05,3.7794085225662185e-05,9.448521306415546e-06,2.4146221116395283e-05,1.7847206912118255e-05,2.6245892517820962e-05,3.0445235320672315e-05,1.8897042612831092e-05,1.8897042612831092e-05,1.8897042612831092e-05,1.7847206912118255e-05,2.6245892517820962e-05,3.149507102138515e-05,0.00015747535510692576,5.984063494063179e-05,5.1441949334929086e-05,3.989375662708786e-05,6.823932054633449e-05,3.7794085225662185e-05,2.0996714014256767e-05,4.619277083136489e-05,7.453833475061153e-05,5.6691127838493273e-05,3.359474242281083e-05,9.448521306415546e-06,0.0,2.4146221116395283e-05,2.9395399619959478e-05,0.00010183406296914533,9.763472016629397e-05,6.718948484562166e-05,5.249178503564192e-06,9.658488446558113e-05,6.823932054633449e-05,3.7794085225662185e-05,1.6797371211405414e-05,3.149507102138515e-05,3.0445235320672315e-05,2.5196056817108124e-05,1.7847206912118255e-05,1.1548192707841223e-05,2.0996714014256767e-05,1.6797371211405414e-05
73,4.304326372922638e-05,2.0996714014256767e-06,1.0498357007128384e-05,1.6797371211405414e-05,1.36478641092669e-05,1.8897042612831092e-05,1.0498357007128384e-06,6.299014204277031e-06,1.0498357007128384e-05,1.0498357007128384e-05,1.0498357007128384e-06,1.0498357007128384e-05,8.398685605702707e-06,4.1993428028513535e-06,2.0996714014256767e-06,7.348849904989869e-06,1.4697699809979739e-05,1.0498357007128384e-06,5.5641292137780436e-05,1.994687831354393e-05,8.398685605702707e-06,1.2598028408554062e-05,1.4697699809979739e-05,5.249178503564192e-06,1.0498357007128384e-05,3.1495071021385155e-06,3.1495071021385155e-06,1.0498357007128384e-05,1.0498357007128384e-05,9.448521306415546e-06,5.249178503564192e-06,2.0996714014256767e-06,2.0996714014256767e-06,1.6797371211405414e-05,3.1495071021385155e-06,7.138882764847302e-05,1.5747535510692576e-05,1.1548192707841223e-05,8.398685605702707e-06,7.348849904989869e-06,1.4697699809979739e-05,3.149507102138515e-05,1.2598028408554062e-05,0.0001343789696912433,5.45914564370676e-05,1.0498357007128384e-05,3.989375662708786e-05,3.674424952494935e-05,2.9395399619959478e-05,8.398685605702707e-06,1.6797371211405414e-05,1.994687831354393e-05,1.7847206912118255e-05,9.448521306415546e-06,2.4146221116395283e-05,9.448521306415546e-06,1.5747535510692576e-05,1.2598028408554062e-05,2.9395399619959478e-05,3.0445235320672315e-05,0.00017217305491690552,6.403997774348314e-05,4.304326372922638e-05,3.149507102138515e-05,3.7794085225662185e-05,1.8897042612831092e-05,1.2598028408554062e-05,3.149507102138515e-05,4.724260653207773e-05,5.1441949334929086e-05,2.5196056817108124e-05,2.0996714014256767e-05,1.36478641092669e-05,0.0,3.1495071021385155e-06,8.18871846556014e-05,9.343537736344262e-05,4.8292442232790567e-05,2.0996714014256767e-06,5.774096353920611e-05,4.724260653207773e-05,3.884392092637502e-05,1.6797371211405414e-05,3.569441382423651e-05,1.8897042612831092e-05,9.448521306415546e-06,9.448521306415546e-06,1.4697699809979739e-05,1.36478641092669e-05,1.1548192707841223e-05
74,0.00025511007527321975,5.6691127838493273e-05,5.5641292137780436e-05,5.5641292137780436e-05,6.089047064134463e-05,8.503669175773992e-05,3.254490672209799e-05,3.254490672209799e-05,6.403997774348314e-05,3.674424952494935e-05,3.569441382423651e-05,2.2046549714969608e-05,2.5196056817108124e-05,2.4146221116395283e-05,1.2598028408554062e-05,1.36478641092669e-05,1.6797371211405414e-05,3.0445235320672315e-05,0.00021521631864613187,7.243866334918586e-05,4.619277083136489e-05,8.083734895488856e-05,4.5142935130652054e-05,4.5142935130652054e-05,5.039211363421625e-05,4.9342277933503404e-05,0.00010288389866985817,4.304326372922638e-05,4.724260653207773e-05,2.3096385415682446e-05,4.304326372922638e-05,1.0498357007128384e-05,2.3096385415682446e-05,3.7794085225662185e-05,6.299014204277031e-06,0.00026560843228034815,6.089047064134463e-05,8.293702035631423e-05,4.1993428028513535e-05,4.8292442232790567e-05,5.2491785035641923e-05,0.00013752847679338184,5.6691127838493273e-05,0.00040733625187658134,0.0002897546533967434,5.774096353920611e-05,0.0001826714119240339,0.00012703011978625346,0.0001259802840855406,6.613964914490882e-05,9.763472016629397e-05,0.00010498357007128385,9.763472016629397e-05,7.558817045132437e-05,9.133570596201695e-05,6.29901420427703e-05,0.00010393373437057101,6.29901420427703e-05,9.763472016629397e-05,9.448521306415546e-05,0.0006089047064134462,0.0002047179616390035,0.00011863143418055075,0.00012388061268411494,0.00019002026182902377,0.00010813307717342236,5.039211363421625e-05,9.448521306415546e-05,0.00016272453361048996,0.00014907666950122306,0.00015642551940621294,0.0001091829128741352,7.978751325417572e-05,9.868455586700681e-05,0.0,0.0002687579393824866,0.00031705038161527723,0.00020681763304042917,3.359474242281083e-05,0.0003632431524466421,0.00022571467565326027,0.00021731599004755757,5.2491785035641923e-05,0.00016272453361048996,0.00010288389866985817,5.2491785035641923e-05,3.149507102138515e-05,3.4644578123523665e-05,5.354162073635476e-05,5.5641292137780436e-05
75,6.29901420427703e-05,8.398685605702707e-06,7.348849904989869e-06,1.36478641092669e-05,1.1548192707841223e-05,3.7794085225662185e-05,1.6797371211405414e-05,1.0498357007128384e-06,2.6245892517820962e-05,2.3096385415682446e-05,2.72957282185338e-05,3.989375662708786e-05,3.7794085225662185e-05,5.45914564370676e-05,3.4644578123523665e-05,2.9395399619959478e-05,3.569441382423651e-05,5.8790799239918955e-05,0.00014277765529694604,3.884392092637502e-05,1.994687831354393e-05,3.0445235320672315e-05,3.254490672209799e-05,2.0996714014256767e-05,7.348849904989869e-06,3.0445235320672315e-05,5.2491785035641923e-05,4.619277083136489e-05,3.884392092637502e-05,2.3096385415682446e-05,4.5142935130652054e-05,1.4697699809979739e-05,1.5747535510692576e-05,1.6797371211405414e-05,5.249178503564192e-06,0.00015957502650835144,1.4697699809979739e-05,1.1548192707841223e-05,2.0996714014256767e-05,7.348849904989869e-06,2.5196056817108124e-05,5.774096353920611e-05,3.989375662708786e-05,0.00028240580349175355,0.0001480268338005102,2.3096385415682446e-05,1.6797371211405414e-05,2.2046549714969608e-05,1.4697699809979739e-05,7.348849904989869e-06,1.1548192707841223e-05,1.0498357007128384e-05,8.398685605702707e-06,1.36478641092669e-05,1.7847206912118255e-05,1.36478641092669e-05,1.4697699809979739e-05,7.348849904989869e-06,2.4146221116395283e-05,1.994687831354393e-05,0.0002540602395725069,0.00010183406296914533,6.718948484562166e-05,6.29901420427703e-05,0.000169023547814767,8.608652745845276e-05,4.619277083136489e-05,0.00013647864109266899,0.00018477108332545957,0.00019841894743472647,0.00013857831249409466,0.0001532760123040744,0.00013542880539195616,0.0001532760123040744,5.354162073635476e-05,0.0,3.4644578123523665e-05,0.0001396281481948075,7.348849904989869e-06,1.0498357007128384e-05,1.6797371211405414e-05,1.0498357007128384e-05,5.249178503564192e-06,7.453833475061153e-05,4.4093099429939216e-05,4.724260653207773e-05,3.674424952494935e-05,4.1993428028513535e-05,7.873767755346288e-05,7.558817045132437e-05
76,1.5747535510692576e-05,1.1548192707841223e-05,1.0498357007128384e-05,1.2598028408554062e-05,1.8897042612831092e-05,2.4146221116395283e-05,2.2046549714969608e-05,4.1993428028513535e-06,1.994687831354393e-05,3.674424952494935e-05,5.5641292137780436e-05,0.00012388061268411494,0.00012178094128268926,0.00012178094128268926,7.453833475061153e-05,0.00010498357007128385,0.0001091829128741352,9.763472016629397e-05,1.7847206912118255e-05,1.0498357007128384e-05,7.348849904989869e-06,1.6797371211405414e-05,1.8897042612831092e-05,1.7847206912118255e-05,5.249178503564192e-06,3.254490672209799e-05,6.403997774348314e-05,7.34884990498987e-05,9.133570596201695e-05,4.8292442232790567e-05,8.71363631591656e-05,1.5747535510692576e-05,3.674424952494935e-05,6.613964914490882e-05,1.994687831354393e-05,3.7794085225662185e-05,1.0498357007128384e-05,2.0996714014256767e-06,5.249178503564192e-06,6.299014204277031e-06,1.994687831354393e-05,8.503669175773992e-05,2.8345563919246637e-05,0.00017637239771975687,4.8292442232790567e-05,8.398685605702707e-06,1.8897042612831092e-05,9.448521306415546e-06,1.7847206912118255e-05,6.299014204277031e-06,2.3096385415682446e-05,2.9395399619959478e-05,5.2491785035641923e-05,3.7794085225662185e-05,3.674424952494935e-05,2.4146221116395283e-05,3.0445235320672315e-05,2.4146221116395283e-05,4.1993428028513535e-05,6.089047064134463e-05,6.403997774348314e-05,6.29901420427703e-05,8.293702035631423e-05,4.4093099429939216e-05,7.033899194776018e-05,6.508981344419598e-05,3.149507102138515e-05,9.238554166272978e-05,0.00012178094128268926,0.00016587404071262846,0.00016482420501191564,0.000169023547814767,0.0001007842272684325,0.0001480268338005102,5.6691127838493273e-05,4.8292442232790567e-05,0.0,1.1548192707841223e-05,2.0996714014256767e-06,1.1548192707841223e-05,2.4146221116395283e-05,1.36478641092669e-05,6.299014204277031e-06,0.00022991401845611162,3.4644578123523665e-05,3.359474242281083e-05,3.0445235320672315e-05,2.2046549714969608e-05,4.4093099429939216e-05,5.2491785035641923e-05
77,2.6245892517820962e-05,4.1993428028513535e-06,8.398685605702707e-06,1.4697699809979739e-05,1.994687831354393e-05,2.6245892517820962e-05,1.36478641092669e-05,6.299014204277031e-06,1.7847206912118255e-05,1.994687831354393e-05,3.0445235320672315e-05,3.674424952494935e-05,5.354162073635476e-05,6.194030634205747e-05,3.569441382423651e-05,4.5142935130652054e-05,4.8292442232790567e-05,6.403997774348314e-05,3.989375662708786e-05,1.6797371211405414e-05,8.398685605702707e-06,4.5142935130652054e-05,5.039211363421625e-05,2.3096385415682446e-05,1.0498357007128384e-05,4.1993428028513535e-05,6.29901420427703e-05,8.083734895488856e-05,0.00011233241997627371,6.613964914490882e-05,0.00013542880539195616,3.674424952494935e-05,5.2491785035641923e-05,9.763472016629397e-05,2.9395399619959478e-05,0.0003296484100238313,1.994687831354393e-05,3.1495071021385155e-06,1.0498357007128384e-05,7.348849904989869e-06,2.6245892517820962e-05,8.71363631591656e-05,3.989375662708786e-05,0.00037164183805234483,2.8345563919246637e-05,1.6797371211405414e-05,3.7794085225662185e-05,2.9395399619959478e-05,2.2046549714969608e-05,1.5747535510692576e-05,1.8897042612831092e-05,2.4146221116395283e-05,2.3096385415682446e-05,3.254490672209799e-05,2.6245892517820962e-05,8.398685605702707e-06,1.4697699809979739e-05,1.7847206912118255e-05,2.72957282185338e-05,3.884392092637502e-05,3.884392092637502e-05,6.403997774348314e-05,9.55350487648683e-05,6.613964914490882e-05,0.00012912979118767914,0.00012283077698340208,5.774096353920611e-05,0.00013857831249409466,0.0002488110610689427,0.00023096385415682444,0.0002488110610689427,0.0002624589251782096,0.00016797371211405414,0.00021101697584328052,0.00010393373437057101,0.00036219331674592926,5.5641292137780436e-05,0.0,4.1993428028513535e-06,1.5747535510692576e-05,3.359474242281083e-05,1.4697699809979739e-05,1.5747535510692576e-05,5.8790799239918955e-05,3.569441382423651e-05,5.2491785035641923e-05,4.4093099429939216e-05,5.039211363421625e-05,4.1993428028513535e-05,5.984063494063179e-05
78,0.0,0.0,0.0,0.0,0.0,0.0,0.0,0.0,0.0,0.0,0.0,0.0,0.0,0.0,0.0,0.0,0.0,0.0,0.0,0.0,0.0,0.0,0.0,0.0,0.0,0.0,0.0,0.0,0.0,0.0,0.0,0.0,0.0,0.0,0.0,0.0,0.0,0.0,0.0,0.0,0.0,0.0,0.0,0.0,0.0,0.0,0.0,0.0,0.0,0.0,0.0,0.0,0.0,0.0,0.0,0.0,0.0,0.0,0.0,0.0,0.0,0.0,0.0,0.0,0.0,0.0,0.0,0.0,0.0,0.0,0.0,0.0,0.0,0.0,0.0,0.0,0.0,0.0,0.0,0.0,0.0,0.0,0.0,0.0,0.0,0.0,0.0,0.0,0.0,0.0
79,7.033899194776018e-05,8.398685605702707e-06,2.2046549714969608e-05,3.4644578123523665e-05,5.8790799239918955e-05,0.00013542880539195616,5.1441949334929086e-05,9.028587026130411e-05,0.00043358214439440226,0.00013647864109266899,0.0001879205904275981,0.00023306352555825015,0.00032859857432311846,0.000279256296389615,0.00018477108332545957,0.00024251204686466567,0.00027190744648462515,0.0003821401950594732,8.293702035631423e-05,0.00011128258427556087,4.724260653207773e-05,8.398685605702707e-05,9.973439156771965e-05,8.923603456059127e-05,0.0001448773266983717,0.00014592716239908454,0.000279256296389615,0.00027295728218533797,0.00024251204686466567,0.00011863143418055075,0.0004587782012115104,7.453833475061153e-05,0.00012912979118767914,0.0003737415094537705,8.71363631591656e-05,5.2491785035641923e-05,2.9395399619959478e-05,1.2598028408554062e-05,4.09435923278007e-05,1.4697699809979739e-05,1.8897042612831092e-05,4.4093099429939216e-05,3.884392092637502e-05,0.00028870481769603055,0.0002750569535867637,6.928915624704733e-05,0.00010183406296914533,0.00011548192707841222,0.00010288389866985817,0.00013017962688839196,0.00012073110558197642,9.55350487648683e-05,0.00013752847679338184,0.0001091829128741352,0.0001616746979097771,7.768784185275004e-05,0.00011863143418055075,0.00011128258427556087,0.0001963192760333008,0.00020366812593829067,6.823932054633449e-05,2.9395399619959478e-05,3.989375662708786e-05,3.359474242281083e-05,9.133570596201695e-05,5.984063494063179e-05,0.00012807995548696629,6.508981344419598e-05,0.00015222617660336156,0.0001532760123040744,0.00011128258427556087,0.00014907666950122306,0.00013227929828981764,0.0001637743693112028,4.4093099429939216e-05,3.7794085225662185e-05,3.149507102138515e-05,6.823932054633449e-05,4.619277083136489e-05,0.0,0.0002855553105938921,0.00029080448909745625,0.00012807995548696629,0.0017752721699054099,0.0004125854303801455,0.00017007338351547984,0.0002866051462946049,0.0005028713006414496,0.0008136226680524498,0.000877662645795933
80,3.884392092637502e-05,8.398685605702707e-06,1.36478641092669e-05,2.72957282185338e-05,3.254490672209799e-05,7.243866334918586e-05,2.72957282185338e-05,4.619277083136489e-05,0.0002782064606889022,0.00011233241997627371,0.00017217305491690552,0.00020681763304042917,0.00024461171826609135,0.0002183658257482704,0.00017217305491690552,0.00015642551940621294,0.00022781434705468594,0.0002939539961995948,5.1441949334929086e-05,3.569441382423651e-05,3.149507102138515e-05,2.5196056817108124e-05,5.354162073635476e-05,5.1441949334929086e-05,5.5641292137780436e-05,9.763472016629397e-05,0.00019002026182902377,0.00020786746874114202,0.00019002026182902377,0.00010288389866985817,0.0002320136898575373,6.403997774348314e-05,0.00011023274857484803,0.00023096385415682444,5.039211363421625e-05,2.72957282185338e-05,3.674424952494935e-05,8.398685605702707e-06,3.254490672209799e-05,8.398685605702707e-06,1.5747535510692576e-05,2.5196056817108124e-05,2.2046549714969608e-05,0.0001910700975297366,0.0001333291339905305,5.5641292137780436e-05,7.558817045132437e-05,5.8790799239918955e-05,4.09435923278007e-05,5.8790799239918955e-05,4.4093099429939216e-05,5.6691127838493273e-05,8.503669175773992e-05,7.453833475061153e-05,0.00015432584800478724,8.71363631591656e-05,8.923603456059127e-05,7.873767755346288e-05,0.00016587404071262846,0.0001616746979097771,3.0445235320672315e-05,1.6797371211405414e-05,2.3096385415682446e-05,3.569441382423651e-05,7.558817045132437e-05,4.5142935130652054e-05,0.00012912979118767914,5.8790799239918955e-05,0.0001259802840855406,0.00011758159847983791,0.00013017962688839196,0.00011443209137769938,0.00011548192707841222,9.55350487648683e-05,4.1993428028513535e-05,3.4644578123523665e-05,2.8345563919246637e-05,4.5142935130652054e-05,5.984063494063179e-05,0.0002519605681710812,0.0,4.9342277933503404e-05,6.928915624704733e-05,0.0009763472016629397,0.00033699725992882116,0.0001501265052019359,0.000266658267981061,0.0004619277083136489,0.0006152037206177233,0.0006414496131355443
81,3.359474242281083e-05,2.0996714014256767e-06,1.1548192707841223e-05,2.72957282185338e-05,4.1993428028513535e-05,6.718948484562166e-05,2.3096385415682446e-05,3.0445235320672315e-05,0.0001774222334204697,6.089047064134463e-05,7.243866334918586e-05,0.00010498357007128385,0.00013752847679338184,0.0001480268338005102,0.00010708324147270952,0.00011758159847983791,0.0001826714119240339,0.0002320136898575373,2.8345563919246637e-05,4.1993428028513535e-05,2.72957282185338e-05,2.3096385415682446e-05,3.254490672209799e-05,1.5747535510692576e-05,1.8897042612831092e-05,3.569441382423651e-05,7.558817045132437e-05,7.768784185275004e-05,5.354162073635476e-05,3.989375662708786e-05,0.00016482420501191564,2.72957282185338e-05,3.989375662708786e-05,0.00012283077698340208,2.0996714014256767e-05,1.36478641092669e-05,1.36478641092669e-05,1.36478641092669e-05,1.36478641092669e-05,1.6797371211405414e-05,9.448521306415546e-06,2.4146221116395283e-05,2.3096385415682446e-05,0.00015117634090264874,5.45914564370676e-05,2.72957282185338e-05,2.0996714014256767e-05,3.569441382423651e-05,3.254490672209799e-05,2.4146221116395283e-05,2.8345563919246637e-05,2.6245892517820962e-05,3.0445235320672315e-05,3.359474242281083e-05,7.768784185275004e-05,3.4644578123523665e-05,2.8345563919246637e-05,4.09435923278007e-05,5.8790799239918955e-05,7.558817045132437e-05,2.2046549714969608e-05,1.2598028408554062e-05,2.9395399619959478e-05,2.6245892517820962e-05,7.243866334918586e-05,4.619277083136489e-05,9.763472016629397e-05,4.5142935130652054e-05,8.503669175773992e-05,9.55350487648683e-05,7.66380061520372e-05,0.00010498357007128385,7.243866334918586e-05,9.238554166272978e-05,3.989375662708786e-05,1.4697699809979739e-05,2.9395399619959478e-05,4.304326372922638e-05,4.4093099429939216e-05,0.0003222995601188414,5.6691127838493273e-05,0.0,1.6797371211405414e-05,0.000604705363610595,0.0002572097466746454,0.00013647864109266899,0.00021941566144898324,0.00039473822346802723,0.0004566785298100847,0.0005091703148457266
82,1.4697699809979739e-05,3.1495071021385155e-06,6.299014204277031e-06,6.299014204277031e-06,2.4146221116395283e-05,1.8897042612831092e-05,5.249178503564192e-06,5.249178503564192e-06,1.7847206912118255e-05,1.4697699809979739e-05,2.6245892517820962e-05,3.359474242281083e-05,4.619277083136489e-05,3.7794085225662185e-05,2.72957282185338e-05,1.6797371211405414e-05,4.8292442232790567e-05,9.133570596201695e-05,5.249178503564192e-06,1.6797371211405414e-05,8.398685605702707e-06,1.6797371211405414e-05,2.2046549714969608e-05,1.7847206912118255e-05,3.7794085225662185e-05,1.0498357007128384e-05,2.4146221116395283e-05,1.0498357007128384e-05,1.994687831354393e-05,1.1548192707841223e-05,2.0996714014256767e-05,3.1495071021385155e-06,3.1495071021385155e-06,1.6797371211405414e-05,2.0996714014256767e-06,9.448521306415546e-06,6.299014204277031e-06,2.0996714014256767e-06,8.398685605702707e-06,7.348849904989869e-06,1.0498357007128384e-05,1.1548192707841223e-05,8.398685605702707e-06,4.09435923278007e-05,1.5747535510692576e-05,1.2598028408554062e-05,1.994687831354393e-05,2.6245892517820962e-05,1.5747535510692576e-05,4.4093099429939216e-05,4.1993428028513535e-05,4.5142935130652054e-05,5.2491785035641923e-05,6.823932054633449e-05,7.873767755346288e-05,4.9342277933503404e-05,5.1441949334929086e-05,5.45914564370676e-05,0.00010708324147270952,0.00013857831249409466,2.0996714014256767e-06,4.1993428028513535e-06,1.6797371211405414e-05,3.149507102138515e-05,5.2491785035641923e-05,3.569441382423651e-05,4.9342277933503404e-05,2.2046549714969608e-05,3.989375662708786e-05,3.7794085225662185e-05,3.4644578123523665e-05,2.5196056817108124e-05,3.254490672209799e-05,4.1993428028513535e-05,1.994687831354393e-05,8.398685605702707e-06,5.249178503564192e-06,1.2598028408554062e-05,3.569441382423651e-05,0.0002372628683611015,0.0001343789696912433,3.674424952494935e-05,0.0,8.608652745845276e-05,9.028587026130411e-05,8.18871846556014e-05,0.0001333291339905305,0.0002320136898575373,0.0002677081036817738,0.00028030613209032785
83,6.613964914490882e-05,1.4697699809979739e-05,5.1441949334929086e-05,4.9342277933503404e-05,4.619277083136489e-05,6.718948484562166e-05,1.4697699809979739e-05,2.6245892517820962e-05,8.398685605702707e-05,3.254490672209799e-05,2.8345563919246637e-05,4.4093099429939216e-05,4.5142935130652054e-05,5.5641292137780436e-05,3.569441382423651e-05,3.7794085225662185e-05,8.71363631591656e-05,0.00016587404071262846,7.558817045132437e-05,0.00010813307717342236,5.45914564370676e-05,9.658488446558113e-05,8.503669175773992e-05,4.8292442232790567e-05,2.9395399619959478e-05,5.5641292137780436e-05,0.00011548192707841222,6.928915624704733e-05,8.818619885987843e-05,6.823932054633449e-05,0.0001249304483848278,4.304326372922638e-05,3.569441382423651e-05,0.00011653176277912507,1.994687831354393e-05,6.928915624704733e-05,2.6245892517820962e-05,1.8897042612831092e-05,3.254490672209799e-05,1.7847206912118255e-05,9.448521306415546e-06,1.7847206912118255e-05,3.254490672209799e-05,0.0002939539961995948,7.978751325417572e-05,4.619277083136489e-05,0.0001007842272684325,0.00015117634090264874,0.00016587404071262846,3.569441382423651e-05,0.0001417278195962332,0.00011653176277912507,0.00014907666950122306,0.00015852519080763861,0.00019526944033258794,9.658488446558113e-05,0.00017322289061761834,0.00016692387641334131,0.00026140908947749675,0.00023936253976252717,2.2046549714969608e-05,9.448521306415546e-06,1.6797371211405414e-05,5.1441949334929086e-05,5.984063494063179e-05,3.149507102138515e-05,9.343537736344262e-05,4.5142935130652054e-05,4.304326372922638e-05,4.1993428028513535e-05,4.619277083136489e-05,3.149507102138515e-05,4.5142935130652054e-05,4.5142935130652054e-05,2.4146221116395283e-05,6.928915624704733e-05,3.7794085225662185e-05,6.613964914490882e-05,0.0001091829128741352,0.0010214901367935918,0.0005721604568884969,0.0003107513674110002,1.994687831354393e-05,0.0,0.0001007842272684325,0.00012283077698340208,0.00022151533285040892,0.0005322667002614091,0.0006078548707127335,0.0005007716292400239
84,4.724260653207773e-05,3.1495071021385155e-06,1.994687831354393e-05,2.0996714014256767e-05,3.0445235320672315e-05,5.1441949334929086e-05,1.4697699809979739e-05,1.4697699809979739e-05,5.354162073635476e-05,4.1993428028513535e-05,4.8292442232790567e-05,4.304326372922638e-05,7.033899194776018e-05,3.674424952494935e-05,2.4146221116395283e-05,5.354162073635476e-05,7.453833475061153e-05,9.55350487648683e-05,3.7794085225662185e-05,0.00014382749099765886,3.149507102138515e-05,9.868455586700681e-05,0.00011443209137769938,6.29901420427703e-05,5.5641292137780436e-05,0.0001091829128741352,0.0001343789696912433,0.00015432584800478724,0.00015852519080763861,0.00010603340577199668,0.0002939539961995948,6.508981344419598e-05,9.868455586700681e-05,0.0002929041604988819,3.674424952494935e-05,5.2491785035641923e-05,4.09435923278007e-05,2.9395399619959478e-05,4.619277083136489e-05,2.4146221116395283e-05,6.299014204277031e-06,1.4697699809979739e-05,1.4697699809979739e-05,9.448521306415546e-05,8.503669175773992e-05,5.039211363421625e-05,8.71363631591656e-05,0.00011653176277912507,8.608652745845276e-05,7.34884990498987e-05,0.00013752847679338184,8.818619885987843e-05,0.00013542880539195616,0.00014382749099765886,0.0001742727263183312,8.923603456059127e-05,0.00012388061268411494,0.00011338225567698655,0.00025511007527321975,0.00027190744648462515,2.5196056817108124e-05,1.36478641092669e-05,1.4697699809979739e-05,1.994687831354393e-05,5.6691127838493273e-05,2.2046549714969608e-05,3.7794085225662185e-05,2.3096385415682446e-05,3.359474242281083e-05,3.884392092637502e-05,2.9395399619959478e-05,2.0996714014256767e-05,2.9395399619959478e-05,2.9395399619959478e-05,1.1548192707841223e-05,5.8790799239918955e-05,6.089047064134463e-05,6.508981344419598e-05,5.984063494063179e-05,0.0004650772154157874,0.00041573493748228404,0.0002582595823753583,6.29901420427703e-05,0.00021626615434684472,0.0,3.989375662708786e-05,0.00013017962688839196,0.0002047179616390035,0.00021101697584328052,0.00025511007527321975
85,1.5747535510692576e-05,5.249178503564192e-06,8.398685605702707e-06,1.7847206912118255e-05,4.1993428028513535e-05,5.984063494063179e-05,1.4697699809979739e-05,2.3096385415682446e-05,6.194030634205747e-05,4.4093099429939216e-05,6.403997774348314e-05,5.354162073635476e-05,7.033899194776018e-05,3.674424952494935e-05,2.2046549714969608e-05,3.4644578123523665e-05,4.5142935130652054e-05,7.243866334918586e-05,3.4644578123523665e-05,5.45914564370676e-05,2.5196056817108124e-05,6.718948484562166e-05,6.928915624704733e-05,5.8790799239918955e-05,6.928915624704733e-05,5.8790799239918955e-05,0.00011443209137769938,0.00010183406296914533,0.00012703011978625346,9.343537736344262e-05,0.0001826714119240339,3.4644578123523665e-05,4.724260653207773e-05,0.00013542880539195616,2.6245892517820962e-05,3.569441382423651e-05,1.1548192707841223e-05,7.348849904989869e-06,1.6797371211405414e-05,8.398685605702707e-06,6.299014204277031e-06,7.348849904989869e-06,6.299014204277031e-06,6.718948484562166e-05,3.254490672209799e-05,2.2046549714969608e-05,5.774096353920611e-05,8.398685605702707e-05,7.243866334918586e-05,6.29901420427703e-05,0.00010498357007128385,7.243866334918586e-05,7.66380061520372e-05,6.29901420427703e-05,0.00011338225567698655,5.984063494063179e-05,0.00010183406296914533,6.194030634205747e-05,0.00012073110558197642,0.00016272453361048996,5.45914564370676e-05,2.3096385415682446e-05,1.4697699809979739e-05,2.3096385415682446e-05,2.9395399619959478e-05,1.5747535510692576e-05,7.34884990498987e-05,1.7847206912118255e-05,3.0445235320672315e-05,2.6245892517820962e-05,3.569441382423651e-05,2.6245892517820962e-05,1.994687831354393e-05,1.7847206912118255e-05,5.249178503564192e-06,4.304326372922638e-05,3.254490672209799e-05,2.8345563919246637e-05,3.989375662708786e-05,0.00032544906722097993,0.0003233493958195542,0.0002131166472447062,5.6691127838493273e-05,0.00037794085225662183,6.089047064134463e-05,0.0,3.149507102138515e-05,0.0001249304483848278,0.00013017962688839196,0.0001396281481948075
86,3.7794085225662185e-05,0.0,1.8897042612831092e-05,1.5747535510692576e-05,3.4644578123523665e-05,6.613964914490882e-05,1.6797371211405414e-05,3.359474242281083e-05,5.45914564370676e-05,4.5142935130652054e-05,5.8790799239918955e-05,6.089047064134463e-05,7.558817045132437e-05,4.4093099429939216e-05,2.3096385415682446e-05,4.304326372922638e-05,4.09435923278007e-05,4.724260653207773e-05,5.354162073635476e-05,8.923603456059127e-05,2.2046549714969608e-05,7.033899194776018e-05,8.293702035631423e-05,3.884392092637502e-05,7.873767755346288e-05,6.29901420427703e-05,0.00013017962688839196,9.133570596201695e-05,9.238554166272978e-05,6.928915624704733e-05,0.0001343789696912433,3.569441382423651e-05,4.724260653207773e-05,9.238554166272978e-05,1.1548192707841223e-05,3.674424952494935e-05,1.5747535510692576e-05,8.398685605702707e-06,3.149507102138515e-05,1.7847206912118255e-05,3.1495071021385155e-06,1.5747535510692576e-05,9.448521306415546e-06,4.4093099429939216e-05,7.66380061520372e-05,2.9395399619959478e-05,6.613964914490882e-05,7.768784185275004e-05,6.194030634205747e-05,6.823932054633449e-05,8.398685605702707e-05,5.984063494063179e-05,6.928915624704733e-05,5.774096353920611e-05,0.00014277765529694604,6.823932054633449e-05,5.5641292137780436e-05,5.354162073635476e-05,0.00011968126988126359,0.00013752847679338184,4.5142935130652054e-05,3.989375662708786e-05,1.4697699809979739e-05,1.1548192707841223e-05,2.5196056817108124e-05,9.448521306415546e-06,1.6797371211405414e-05,9.448521306415546e-06,3.4644578123523665e-05,2.72957282185338e-05,1.36478641092669e-05,1.36478641092669e-05,1.5747535510692576e-05,8.398685605702707e-06,4.1993428028513535e-06,2.9395399619959478e-05,3.0445235320672315e-05,2.9395399619959478e-05,2.9395399619959478e-05,0.0003296484100238313,0.000279256296389615,0.00021521631864613187,6.29901420427703e-05,0.0003275487386224056,0.00012703011978625346,2.72957282185338e-05,0.0,3.254490672209799e-05,0.0001007842272684325,8.503669175773992e-05
87,6.613964914490882e-05,0.0,1.4697699809979739e-05,3.569441382423651e-05,2.3096385415682446e-05,5.2491785035641923e-05,1.4697699809979739e-05,4.5142935130652054e-05,0.00010393373437057101,9.028587026130411e-05,8.818619885987843e-05,5.354162073635476e-05,9.028587026130411e-05,8.71363631591656e-05,3.989375662708786e-05,5.354162073635476e-05,5.6691127838493273e-05,0.00010393373437057101,5.6691127838493273e-05,0.00010288389866985817,2.72957282185338e-05,6.718948484562166e-05,7.873767755346288e-05,8.398685605702707e-05,0.00011233241997627371,8.503669175773992e-05,0.00017532256201904401,0.0001007842272684325,0.0001343789696912433,9.238554166272978e-05,0.00024776122536822987,3.4644578123523665e-05,8.18871846556014e-05,0.0002488110610689427,2.8345563919246637e-05,4.09435923278007e-05,2.2046549714969608e-05,6.299014204277031e-06,1.7847206912118255e-05,1.7847206912118255e-05,3.1495071021385155e-06,1.8897042612831092e-05,6.299014204277031e-06,6.089047064134463e-05,6.823932054633449e-05,4.4093099429939216e-05,4.9342277933503404e-05,9.763472016629397e-05,0.00010183406296914533,0.00010183406296914533,9.973439156771965e-05,8.083734895488856e-05,0.00011968126988126359,9.868455586700681e-05,0.0001417278195962332,6.928915624704733e-05,8.818619885987843e-05,6.718948484562166e-05,0.0001637743693112028,0.0002131166472447062,3.7794085225662185e-05,1.994687831354393e-05,2.0996714014256767e-05,1.4697699809979739e-05,2.3096385415682446e-05,1.2598028408554062e-05,4.5142935130652054e-05,2.0996714014256767e-05,5.2491785035641923e-05,2.5196056817108124e-05,2.0996714014256767e-05,2.4146221116395283e-05,1.7847206912118255e-05,1.8897042612831092e-05,5.249178503564192e-06,5.5641292137780436e-05,4.1993428028513535e-05,5.6691127838493273e-05,3.989375662708786e-05,0.0003222995601188414,0.0003957880591687401,0.0002855553105938921,9.028587026130411e-05,0.0007296358119954227,0.00018582091902617242,6.613964914490882e-05,3.254490672209799e-05,0.0,4.1993428028513535e-05,0.00010393373437057101
88,8.503669175773992e-05,3.1495071021385155e-06,3.254490672209799e-05,5.354162073635476e-05,5.5641292137780436e-05,9.868455586700681e-05,2.2046549714969608e-05,5.6691127838493273e-05,0.000201568454536865,6.508981344419598e-05,6.823932054633449e-05,6.928915624704733e-05,9.868455586700681e-05,6.29901420427703e-05,3.359474242281083e-05,7.66380061520372e-05,8.818619885987843e-05,0.00011758159847983791,6.928915624704733e-05,0.00014067798389552036,5.039211363421625e-05,9.973439156771965e-05,0.0001448773266983717,8.608652745845276e-05,0.0001396281481948075,0.00010813307717342236,0.00020891730444185484,0.00018477108332545957,0.00018372124762474671,0.00015117634090264874,0.0003139008745131387,5.8790799239918955e-05,9.343537736344262e-05,0.00035064512403808803,5.774096353920611e-05,0.00011338225567698655,5.984063494063179e-05,2.72957282185338e-05,4.8292442232790567e-05,2.3096385415682446e-05,9.448521306415546e-06,3.674424952494935e-05,9.448521306415546e-06,9.658488446558113e-05,0.00011233241997627371,7.768784185275004e-05,0.00011548192707841222,0.00017637239771975687,0.0002047179616390035,0.00014592716239908454,0.00019736911173401362,0.00012807995548696629,0.00020051861883615214,0.00020576779733971634,0.0002750569535867637,0.00015642551940621294,0.0002047179616390035,0.00019736911173401362,0.00037164183805234483,0.0004451303371022435,7.66380061520372e-05,4.4093099429939216e-05,3.149507102138515e-05,2.72957282185338e-05,3.359474242281083e-05,1.36478641092669e-05,6.403997774348314e-05,2.4146221116395283e-05,3.254490672209799e-05,1.4697699809979739e-05,3.4644578123523665e-05,3.254490672209799e-05,4.1993428028513535e-05,2.5196056817108124e-05,1.0498357007128384e-05,0.00010183406296914533,8.293702035631423e-05,6.928915624704733e-05,7.768784185275004e-05,0.0008083734895488856,0.0006970909052733248,0.00046087787261293606,0.0001396281481948075,0.0008409183962709835,0.0002099671401425677,5.984063494063179e-05,8.503669175773992e-05,8.71363631591656e-05,0.0,0.00018372124762474671
89,0.00010393373437057101,1.6797371211405414e-05,2.9395399619959478e-05,5.6691127838493273e-05,9.763472016629397e-05,0.0001469769980997974,3.149507102138515e-05,6.194030634205747e-05,0.0006036555279098821,7.138882764847302e-05,6.823932054633449e-05,4.8292442232790567e-05,5.5641292137780436e-05,4.724260653207773e-05,3.149507102138515e-05,4.8292442232790567e-05,5.039211363421625e-05,9.658488446558113e-05,0.00010813307717342236,0.0001994687831354393,8.083734895488856e-05,0.0001774222334204697,0.0001774222334204697,0.00013017962688839196,0.00018162157622332104,0.00012912979118767914,0.00020366812593829067,0.0001480268338005102,0.00021731599004755757,0.000169023547814767,0.00036219331674592926,0.00010393373437057101,0.00013017962688839196,0.00033699725992882116,6.29901420427703e-05,0.0001091829128741352,7.558817045132437e-05,3.149507102138515e-05,5.5641292137780436e-05,2.5196056817108124e-05,1.4697699809979739e-05,1.6797371211405414e-05,1.1548192707841223e-05,0.00012703011978625346,0.00015642551940621294,9.868455586700681e-05,0.00018687075472688524,0.0002813559677910407,0.00023516319695967582,0.00018477108332545957,0.0001994687831354393,0.00023096385415682444,0.0002603592537767839,0.00024671138966751705,0.0003401467670309597,0.00019316976893116227,0.00027190744648462515,0.00023306352555825015,0.00040313690907373,0.00038633953786232453,0.00012912979118767914,4.304326372922638e-05,2.6245892517820962e-05,3.0445235320672315e-05,4.304326372922638e-05,2.72957282185338e-05,7.453833475061153e-05,3.989375662708786e-05,3.884392092637502e-05,9.448521306415546e-06,1.6797371211405414e-05,1.6797371211405414e-05,1.1548192707841223e-05,1.5747535510692576e-05,3.1495071021385155e-06,0.00012283077698340208,0.00012703011978625346,0.0001007842272684325,0.00010813307717342236,0.0011485202565798454,0.0007978751325417572,0.0005658614426842199,0.0001963192760333008,0.0007789780899289261,0.0002509107324703684,7.873767755346288e-05,6.928915624704733e-05,0.00011968126988126359,0.00014067798389552036,0.0
