,1,2,3,4,5,6,7,8,9,10,11,12,13,14,15,16,17,18,19,20,21,22,23,24,25,26,27,28,29,30,31,32,33,34,90,35,36,37,38,39,40,41,42,43,44,45,46,47,48,49,50,51,52,53,54,55,56,57,58,59,60,61,62,63,64,65,66,67,68,69,70,71,72,73,74,75,76,77,78,79,80,81,82,83,84,85,86,87,88,89
1,0.0,0.00010953780801658798,8.329216477272169e-05,4.263674507786533e-05,3.851823659662808e-05,7.163403255264909e-05,5.531664178723451e-05,4.276362327559872e-05,7.9794165644417e-05,2.533790014405994e-05,2.8124458943075543e-05,1.988035760267189e-05,3.8525822496687316e-05,1.7402204873953703e-05,1.047058746126485e-05,1.1940420835593911e-05,1.1908068579985068e-05,7.869389477425575e-06,2.566401361331757e-05,5.945415875452198e-05,4.2278512892104524e-05,3.757916749029539e-05,5.413917641708821e-05,2.6126061684079343e-05,5.8518468639899176e-05,1.458406294218756e-05,1.0685790226252081e-05,1.0131245040481196e-05,1.705114490022179e-05,6.764960541033564e-06,6.094645704299473e-06,1.8287558775163243e-06,5.7350474245788465e-06,1.1441282757377092e-05,8.63762502833409e-06,8.67211557468355e-06,5.284814111513065e-05,8.227580834857693e-05,5.002413462110144e-05,3.6463574989742125e-05,3.277443302761818e-05,3.6231548630565985e-05,2.378166350180879e-05,1.8500513225991578e-05,7.720059259230088e-05,6.756389885108634e-05,5.124610539098893e-05,0.000106085664799922,6.189556224388356e-05,0.0001037144769384439,7.168948875071736e-05,6.628254309007996e-05,5.180930876334379e-05,4.146672943357094e-05,3.798639650058155e-05,1.33572377828151e-05,2.130159213639636e-05,3.887661037250568e-05,5.093617348542918e-05,1.7761538909672748e-05,7.462723950589084e-05,5.17989891191662e-05,4.1391085123491064e-05,3.277443302761818e-05,3.170260505174523e-05,2.5763468793626192e-05,1.6766090111054867e-05,1.9226997232236935e-05,1.4612881958891837e-05,1.356388345957928e-05,7.800777852797998e-06,5.342895113126041e-06,5.974836818745321e-06,3.410228980044358e-06,1.7907248490971196e-06,1.8112186673157416e-05,3.3507068909492766e-05,4.391653425320612e-05,1.9037431747754273e-06,2.574076137605652e-05,6.710949725229404e-05,4.1692782510514075e-05,6.172416722587538e-05,5.964107280801567e-05,2.0712807793917912e-05,1.3256196988107465e-05,7.97601056722878e-06,5.393938995197044e-06,6.664420931494276e-06,5.346479770605542e-06
2,7.864995364426344e-05,0.0,0.0001263165922165443,6.466068394473161e-05,5.8414766843352564e-05,0.00010863647143126067,8.389035994553888e-05,6.48531008618329e-05,0.00012101170752937622,3.842614979277065e-05,4.265210084666802e-05,3.0149522842492007e-05,5.842627122731226e-05,2.639128449512791e-05,1.5879151781217845e-05,1.810822510975974e-05,1.8059161350999504e-05,1.1934309359416224e-05,3.892071662537661e-05,9.016510433442584e-05,6.411740752670281e-05,5.699062317159836e-05,8.210467682137322e-05,3.96214348489708e-05,8.87460850668588e-05,2.2117436094445794e-05,1.6205517172043504e-05,1.5364522604453528e-05,2.5858885083173045e-05,1.0259389515862459e-05,9.242824679067996e-06,2.7733966463012578e-06,8.697476513545017e-06,1.735125809782164e-05,1.3099375690386942e-05,1.3151682270368852e-05,8.014675940837852e-05,0.00012477523859311912,7.586401711567267e-05,5.5298773243616006e-05,4.970401121371658e-05,5.494689405935521e-05,3.606604173377034e-05,2.805692217678688e-05,0.00011707842868493846,0.00010246391702053061,7.771719482886574e-05,0.00016088403629702997,9.386761068473182e-05,0.00015728801533894285,0.00010872057343504918,0.00010052067909906442,7.85713199547387e-05,6.288629868976087e-05,5.760820564134718e-05,2.025689646505438e-05,3.23048936811587e-05,5.895825798963454e-05,7.724716811943499e-05,2.69362319218553e-05,0.00011317581439544053,7.855566971574014e-05,6.277158043869926e-05,4.970401121371658e-05,4.807853230193581e-05,3.907154521158453e-05,2.5426585722713112e-05,2.9158670273011052e-05,2.2161141525695538e-05,2.057028461814608e-05,1.1830256515633796e-05,8.102758586021752e-06,9.061128715446953e-06,5.171777016634609e-06,2.7157207541988865e-06,2.7468006197053896e-05,5.081508892656606e-05,6.66015460633449e-05,2.8871185056759716e-06,3.903710831571003e-05,0.00010177479504112459,6.322911910291061e-05,9.360768185881212e-05,9.044856852747603e-05,3.1411973778124875e-05,2.010366321799992e-05,1.2096005393600291e-05,8.180169099415253e-06,1.010691634033102e-05,8.10819489228549e-06
3,0.00010293417352519385,0.00021741094708040777,0.0,0.0001104875304834859,9.981495614564252e-05,0.00018563019622772994,0.000143345819071073,0.00011081631868516867,0.00020677611044044654,6.5659843626471e-05,7.288084512853212e-05,5.151733821698623e-05,9.983461401029682e-05,4.509553058000672e-05,2.7133153555548704e-05,3.094203388764833e-05,3.085819726219151e-05,2.0392490284744146e-05,5.093800585009783e-05,0.00011800478023745078,8.39145103910761e-05,7.458723652130358e-05,0.00010745558845955685,5.185508015056018e-05,0.00011614761988635894,2.894648883298004e-05,2.1209186265989655e-05,2.0108523433490116e-05,3.3843159989116215e-05,1.3427112563407932e-05,1.2096669804553948e-05,3.629719769903342e-06,1.1382938135295901e-05,2.2708689950408736e-05,1.7143982264563522e-05,2.247264963974904e-05,0.0001369490234723589,0.00021320696189086215,0.00012963098118219833,9.449057018443756e-05,8.493064284350925e-05,9.388930431891178e-05,6.162706056256151e-05,4.7941652564797955e-05,0.0001532279516504393,0.00013410101501606724,0.00010171341301215442,0.00021055912358875184,0.00012285048469729476,0.0002058527833031086,0.0001422894973637176,0.00013155777652525184,0.00010283126063755154,8.230328031682387e-05,7.539550579752941e-05,2.651148283248707e-05,4.227945952682538e-05,7.716240477518499e-05,0.00010109825930095385,3.525315200184293e-05,0.0001481203532620913,0.00010281077817898489,8.215314127904781e-05,6.505078614937048e-05,6.292341899129731e-05,5.113540476956201e-05,3.3277382447966213e-05,3.816179777068374e-05,2.900368889777095e-05,2.6921633748493793e-05,1.548300565484979e-05,1.0604593132994828e-05,1.1858872794109556e-05,6.768631997823244e-06,3.554235678549159e-06,3.5949118661494216e-05,6.65049238925625e-05,8.716565976044372e-05,3.77855476679896e-06,5.109033502379144e-05,0.00013319911745451182,0.00010804137534793278,0.0001599500805111207,0.0001545520146509587,5.3674523661449904e-05,3.0063687053337816e-05,1.808876903703247e-05,1.2232897118372598e-05,1.511421906719584e-05,1.2125264493631654e-05
4,0.00011988999770474277,0.00025322394938233366,0.00025139506234408705,0.0,0.00015178569801907143,0.0002822824353770277,0.00021798181400862321,0.00016851514976362085,0.00031443841152498407,9.984701272748153e-05,0.000110827779495418,7.834091646486394e-05,0.00015181559116157566,6.857546054159656e-05,4.126059671737283e-05,4.705265015508896e-05,4.692516223939064e-05,3.1010266314204545e-05,5.932876512539037e-05,0.00015704673121426862,0.00012760635305047072,0.00011342263921030513,0.00016340458514639084,7.885451079097911e-05,0.00017662230429657308,4.401808288433475e-05,3.2252192117406255e-05,3.0578446190284655e-05,5.1464308160629976e-05,2.0418219187951707e-05,1.839505361612686e-05,5.51960918646813e-06,1.7309702644689505e-05,3.453244371707251e-05,2.6070354737785017e-05,3.4173504088207245e-05,0.00020825439316380102,0.0003242176201120621,0.0001971260592944323,0.00014368905929024983,0.00012915155608945564,0.0001427747317924677,9.371447692371046e-05,7.290347538817544e-05,0.00017846841474058463,0.00015619079487285076,0.00011846814750578512,0.0002452434597688734,0.0001430870217730003,0.00023976186792507812,0.00016572812437426116,0.00015322862160828523,0.00011977013249923642,9.586068212673526e-05,8.781502495671492e-05,3.0878584896377986e-05,4.924394039447176e-05,8.987297623879123e-05,0.00011775166264465345,4.106022487810069e-05,0.00017251946758256516,0.0001197462760691856,9.568581144698028e-05,7.576627212371699e-05,7.32884745666587e-05,5.955868056737609e-05,3.87589968294643e-05,4.4447997107746864e-05,3.3781319422861554e-05,3.135629789192275e-05,1.8033442625039666e-05,1.2351433958551195e-05,1.3812324744790862e-05,7.883594406911511e-06,4.139706889851098e-06,4.1870834594685703e-05,7.745994259993642e-05,0.00010152401666735302,5.745938233394772e-06,7.769158513979805e-05,0.00020255202024892113,0.00016429537421424177,0.00024323143100080403,0.00023502274939459183,8.16212855707396e-05,4.571697369439771e-05,2.7507064478248552e-05,1.860221052643052e-05,2.2983752933579088e-05,1.8438536727364866e-05
5,0.00013973494792480183,0.00029513917806050024,0.00029300756207966495,0.0001958261042294824,0.0,0.0004295540350840259,0.0003317066740524508,0.0002564324006099428,0.0004784863368334122,0.00015193891589779788,0.00016864853747656776,0.00011921271946912464,0.00023102039517627272,0.00010435245729704875,6.278695940202509e-05,7.16008266986927e-05,7.1406826145525e-05,4.718885539762791e-05,6.914923733384359e-05,0.00018304209882488007,0.00014872856318084667,0.0001321970713735245,0.0001904523449265317,9.190700784021527e-05,0.00026876919704585313,6.698307351066536e-05,4.907871524430146e-05,4.6531747290945594e-05,7.83141225336241e-05,3.1070755180711834e-05,2.7992069346576627e-05,8.399284195516736e-06,2.6340472113328356e-05,5.254861330698184e-05,3.9671707021834965e-05,3.9830118488564585e-05,0.000242725976653378,0.00037788416990577656,0.00022975561062204614,0.00016747338061290603,0.00015052953799375439,0.00016640770784841536,0.0001092266894940201,8.497091944227112e-05,0.0002080096348105192,0.0001820444824900335,0.0001380777440936906,0.00028583770736318966,0.0001667716900404463,0.00027944876778939696,0.00019316049105401174,0.0001785919915834303,0.0001395952418728368,0.0001117281481479704,0.00010235072294822722,3.598980344559852e-05,5.739510866936437e-05,0.0001047493193343988,0.00013724266212959124,4.785677283314418e-05,0.00020107598031683524,0.00013956743657569232,0.00011152433176798084,8.83075843886277e-05,8.541964611827737e-05,6.941720983303492e-05,4.5174630972309196e-05,5.180531053565154e-05,3.937301693849243e-05,3.654659051569125e-05,2.101845203401095e-05,1.4395921378239408e-05,1.609862804140708e-05,9.188536783719193e-06,4.824937340493442e-06,4.880155979371531e-05,9.028160190741307e-05,0.00011832891361852177,8.743692997411223e-06,0.000118224620828074,0.00030822689160994135,0.0002500110956075126,0.0003701294503361789,0.000357638158407374,0.0001242045135356305,6.956830486469915e-05,4.1857972934683396e-05,2.8307303578552933e-05,3.497477198964489e-05,2.8058238344535516e-05
6,0.0001542272595323114,0.0003257489074056519,0.00032339621542714676,0.00021613579028529692,0.000254929975237986,0.0,0.00047799370357122365,0.00036952248016518507,0.0006895051385522185,0.00021894598694478242,0.0002430247725963695,0.0001717871051422795,0.0003329034443043289,0.00015037327085039927,9.047683875002301e-05,0.00010317773807305943,0.0001028981807106145,6.799976462105326e-05,7.632090276004031e-05,0.00020202591907069495,0.00016415362838152897,0.00014590760821772412,0.00021020470301623122,0.00013243921361301113,0.0003872999669626699,9.65234946671098e-05,7.072307765032076e-05,6.705286315017694e-05,0.00011285168614321712,4.477336907377039e-05,4.0336942076350796e-05,1.210347959211533e-05,3.7956968623650554e-05,7.572324664219626e-05,5.71674544099192e-05,4.396101413831246e-05,0.0002678997827851904,0.00041707561931159554,0.0002535842229495808,0.00018484252450890135,0.00016614138744972537,0.00018366632777024392,0.00012055490225333568,9.37834968283999e-05,0.00022958290971280488,0.0002009248370888928,0.00015239818234614986,0.000315482754545751,0.0001840680595977443,0.00030843119975278784,0.00021319371873389594,0.0001971142784634859,0.00015407306416562164,0.000123315794347701,0.00011296580952640975,3.972240902475058e-05,6.33477197515321e-05,0.00011561317121263892,0.000151476491640134,5.282013579085581e-05,0.00022193014605571137,0.00015404237510148447,0.00012309083958727488,9.746621685153283e-05,9.427876223299097e-05,7.661666745451418e-05,6.509724058944614e-05,7.465213751978304e-05,5.6737038050149724e-05,5.266412020016799e-05,3.0287867314609383e-05,2.074471306783755e-05,2.3198335884887717e-05,1.3240803008250193e-05,6.9527985093144976e-06,5.386290931268919e-05,9.96449653801749e-05,0.0001306011441077803,1.2599777229871162e-05,0.00017036324193458652,0.00044415902659102204,0.0003602692947457482,0.000533361432272527,0.0005153613154268385,0.00017898034640017685,0.0001002488472335995,6.031789250001534e-05,4.079119877307001e-05,5.039910891948465e-05,4.043229247738302e-05
7,0.00014695742040178808,0.0003103940203320947,0.00030815222763468477,0.00020594775718085442,0.00024291329339361863,0.0005898154539559365,0.0,0.0004597091038185975,0.0008577875672962157,0.0002723825175617752,0.00030233803466044544,0.00021371391563849144,0.00041415273022322096,0.00018707376490330565,0.00011255885281869667,0.00012835956687234034,0.00012801178000833682,8.459596514898357e-05,7.272335011568714e-05,0.0001925029856003483,0.0001564158881490676,0.00013902993404469599,0.00026150781299922243,0.00016476267471808698,0.00048182541057256115,0.00012008127140470746,8.798393708385053e-05,8.34179604268176e-05,0.00014039456402794464,5.5700874714418836e-05,5.0181681732631365e-05,1.5057486499578455e-05,4.722084573000495e-05,9.420446040673217e-05,7.111989295651659e-05,4.1888815606293294e-05,0.00025527174070069463,0.00039741584796602837,0.00024163097608211642,0.00017612956791656823,0.00015830994984690388,0.00017500881378320517,0.0001148722833153126,8.936280662675904e-05,0.00021876101722900646,0.00019145380552552097,0.00014521456076848344,0.0003006117850364893,0.00017539160910253957,0.00033581076376949646,0.00023211901252620181,0.00021461219375261376,0.00016775019322051054,0.00013426258795457455,0.00012299383073861752,4.3248583554638466e-05,6.897112279778606e-05,0.00012587619980678987,0.0001649231218876954,5.7509000894049416e-05,0.0002114689833213729,0.0001467812509028994,0.00011728868369762123,9.28719335885089e-05,8.983472661349587e-05,9.531593184083807e-05,8.098504350550037e-05,9.28719335885089e-05,7.058442805346104e-05,6.551746321304083e-05,3.7680003483283335e-05,2.58077220339247e-05,2.886018245752537e-05,1.6472388045350563e-05,8.649716710927694e-06,5.132396329891281e-05,9.494798204093148e-05,0.00012444497359158865,1.567491183775553e-05,0.00021194254064967828,0.0005525616411099655,0.0004481975617475032,0.0006635350193898916,0.0006411417469154743,0.0002226627581845274,0.00012471584326887044,7.503923521246445e-05,5.074680550766945e-05,6.269964735102212e-05,5.030030360209834e-05
8,0.00013085687902632907,0.00027638749141107433,0.00027439130778860035,0.00018338428010968925,0.00021629990075076994,0.0005251957287706464,0.0005295042546325145,0.0,0.0009972330128912355,0.0003166621305823014,0.0003514873387200012,0.0002484561214389338,0.00048147908725169484,0.00021748523914314047,0.00013085687902632907,0.00014922622160285385,0.00014882189708772072,9.834823028488888e-05,6.47558360949704e-05,0.00017141250731021575,0.00013927908435897745,0.00016163120718393938,0.00030401958969143814,0.000191547167137242,0.000560152914534964,0.00013960217265934587,0.00010228696475599787,9.697872431036362e-05,0.00016321767698317672,6.47558360949704e-05,5.833942059094918e-05,1.75052929198709e-05,5.4897259011383684e-05,0.00010951872172187531,8.268143283200287e-05,3.7299509350139855e-05,0.00022730436612443972,0.0003538752748806675,0.00021515807313263514,0.00015683294861058644,0.00014096563412138165,0.00015583498343368842,0.00010228696475599787,7.95722866136317e-05,0.00019479372929211052,0.0001704782745933298,0.0001293049657471515,0.0002676769902524098,0.00017845132683493988,0.0003904015311981305,0.0002698532259455188,0.00024950042730709183,0.00019502034883260152,0.00015608886186884886,0.0001429882095180226,5.027924969513688e-05,8.018334983208729e-05,0.00014633914825822633,0.0001917336972531573,6.685789864116006e-05,0.00018830060498237352,0.00013070001052155282,0.00010443862618039159,8.269695633814287e-05,0.00010443862618039159,0.00011081087848566436,9.415030249118676e-05,0.00010796957390910887,8.205892057030769e-05,7.61682492588158e-05,4.3805418534832915e-05,3.0003130589631005e-05,3.355181142975256e-05,1.915020663187803e-05,1.0055849939027376e-05,4.570094955528948e-05,8.454555452698368e-05,0.00011081087848566436,1.8223089439312742e-05,0.00024639678450703775,0.000642388315220161,0.0005210583854471074,0.0007714019785000272,0.0007453683643168014,0.0002588597243288682,0.00014499015942876032,8.723791935088605e-05,5.899641319182594e-05,7.289235775725097e-05,5.847732611533933e-05
9,0.00010657298446288572,0.00022509660972398554,0.0002234708698487422,0.00014935256121258305,0.00017615983304475268,0.000427732012705165,0.00043124097962498914,0.00043526182038849416,0.0,0.0003367119742627974,0.00037374218234165717,0.00026418741961201363,0.0005119645147863124,0.0002312555786517415,0.00013914223971714138,0.00015867465931362914,0.00015824473450549696,0.00010457526677908356,6.026087257154501e-05,0.00018226569638631987,0.000148097707110694,0.0001718650814775552,0.0003232689556889223,0.00020367520641835642,0.0005956196700732655,0.0001484412521354123,0.0001087633869607589,0.00010311904888653313,0.0001735520005203445,6.885592974594305e-05,6.203325117659045e-05,1.861366159653994e-05,5.837314499636688e-05,0.00011645303131732165,8.791650720137152e-05,3.0377616064386646e-05,0.00018512213388836748,0.0002882045212469772,0.00017522990121455602,0.00012772851927930824,0.00011480579734746772,0.00012691575247573308,8.330496024976536e-05,6.480558093735818e-05,0.00015864469059466633,0.00013884160041627562,0.00010530906902320704,0.0002490964517279705,0.00018975018723557668,0.0004151202737227103,0.0002869393075269696,0.00026529784696231,0.00020736829679031664,0.00016597181590248113,0.00015204167999053697,5.34627408656989e-05,8.526025507161049e-05,0.00015560478744760134,0.00020387354691292012,7.10910869106153e-05,0.00015335653424151078,0.00010644522698581129,8.50573249802826e-05,8.793301359697455e-05,0.00011105128341626644,0.00011782700254082215,0.0001001115421378362,0.00011480579734746772,8.725457982706649e-05,8.099093357616076e-05,4.657901129872619e-05,3.190281489081795e-05,3.567618472670155e-05,2.0362724998732635e-05,1.069254817313978e-05,3.721995070595427e-05,6.885592974594305e-05,9.024704027057914e-05,1.937690626597922e-05,0.00026199769328529466,0.0006830619040659667,0.0005540498238531306,0.0008202442226146296,0.000792562258836041,0.0002752497391324261,0.00015417038576782767,9.276149314476091e-05,6.273184205422547e-05,7.750762506391687e-05,6.217988835513077e-05
10,9.81889265048567e-05,0.00020738834123931187,0.00020589049772924415,0.00013760304949817244,0.00016230140299733036,0.0003940824907076518,0.0003973154084750863,0.0004010199311569393,0.00097695478173029,0.0,0.0004495721119466822,0.00031778937940738584,0.0006158388831363837,0.00027817587579363653,0.00016737332184099695,0.00019086874607811017,0.00019035159224024456,0.00012579292829269735,5.5520171625732774e-05,0.00016792692028874705,0.0001364469143124527,0.00015834451797516958,0.00029783750442397895,0.00018765215194698888,0.0005487624870826226,0.0001367634327749241,0.0001002070108342359,9.500671078510173e-05,0.00015989872770990552,6.343905877574889e-05,5.7153117850019036e-05,1.7149331603127045e-05,5.378095089287522e-05,0.00010729171366375994,8.10001475295593e-05,2.7987820048124507e-05,0.00017055864289056589,0.0002655315762968228,0.00016144462856626898,0.00011768016308539981,0.00010577406699169346,0.00011693133635089445,7.675138930075465e-05,5.970734943599895e-05,0.00014616417043861809,0.00012791898216792441,9.70244428334983e-05,0.00022950012439462098,0.00017482260896283005,0.0003824629126477173,0.0002643658964803771,0.0002444269617536207,0.0001910547082414922,0.00015291487346121615,0.00014008061627911682,4.925684647067795e-05,7.855286178953852e-05,0.0001433634153674021,0.00018783488906692417,6.549837693855436e-05,0.00014129203142399747,9.807121966207538e-05,7.836589613474861e-05,8.10153553730188e-05,0.00010231491930703265,0.00010855759507042224,9.223580349936741e-05,0.00010577406699169346,8.039029374123994e-05,7.461940626462258e-05,4.2914657407124245e-05,2.9393032037152646e-05,3.286955223932684e-05,1.8760796823096007e-05,9.85136929413559e-06,3.4291870710011416e-05,6.343905877574889e-05,8.314733840915088e-05,1.7852532091792123e-05,0.00024138642996706793,0.0006293256723044821,0.0005104629255577365,0.0007557159077063195,0.0007302116739582959,0.0002535959421833287,0.0001420418575465006,8.546398018949758e-05,5.779675083718527e-05,7.14101283671685e-05,5.728821913501298e-05
11,8.618140791614995e-05,0.00018202683204317132,0.00018071215973611314,0.00012077557990942699,0.0001424535730756209,0.00034589016392402074,0.00034872772834999366,0.0003519792251505378,0.0008574830335452017,0.00035549776923498515,0.0,0.0003641684465333994,0.0007057161249531306,0.00031877363787218514,0.0001918002505924965,0.00021872466248136604,0.0002181320337720445,0.00014415149860157417,4.873061279690497e-05,0.00014739114615731615,0.00011976082843394572,0.000138980575311914,0.0002614149718830202,0.00016470418028744703,0.0004816543517869015,0.00012003863987051223,8.795270082045541e-05,8.338834518714842e-05,0.00014034472082103015,5.5681099659430554e-05,5.0163866114460995e-05,1.5052140755457897e-05,4.7204081274766286e-05,9.417101571857896e-05,7.109464380556183e-05,2.4565191026219358e-05,0.00014970103554243217,0.00023305973398459427,0.00014170157354406702,0.00010328906221416169,9.283896197714736e-05,0.00010263180946110573,6.736546599409447e-05,5.2405740855934635e-05,0.0001282897618263822,0.0001122757766568241,8.515932889089378e-05,0.00020143456641499876,0.00015344356143099296,0.0003356915434457,0.00023203660509076983,0.0002145360016289824,0.00016769063815405533,0.00013421492173616625,0.00012295016518078662,4.323322934122004e-05,6.894663650824531e-05,0.00012583151094354206,0.0001648645704947255,5.748858391387035e-05,0.00012401343643216942,8.607809543689848e-05,6.878253487341422e-05,7.110799188265528e-05,8.980283327846753e-05,9.528209255549334e-05,8.09562920056943e-05,9.283896197714736e-05,7.05593690045102e-05,6.549420304981407e-05,3.766662624020303e-05,2.579855971600851e-05,2.8849936447960972e-05,1.6466539979569635e-05,8.646645868244007e-06,3.00983196686766e-05,5.5681099659430554e-05,7.297925482693568e-05,1.5669346893845448e-05,0.00021186729631254367,0.0005523654693820817,0.0004480384415994873,0.0006632994496333597,0.0006409141272709796,0.00022258370793065766,0.0001246715663581182,7.501259460744319e-05,5.072878925793298e-05,6.267738757538179e-05,5.028244587051408e-05
12,7.547908935206711e-05,0.00015942208247082468,0.00015827067092009115,0.00010577723209628678,0.00012476317375967455,0.00030293627384485897,0.0003054214592697552,0.0003082691734516239,0.000750997692794843,0.0003113507720209764,0.0004512065180525065,0.0,0.0008069655034400597,0.00036450822090260647,0.0002193179102852196,0.00025010517846075147,0.0002494275250703001,0.00016483297253323207,4.2679069261170755e-05,0.00012908758117917554,0.0001048884961248054,0.00012172146540441762,0.00022895151631688567,0.00014425062018794823,0.00042184077441281614,0.0001051318079335894,7.703041670474658e-05,7.303287924265057e-05,0.00012291620639625633,4.876641955657742e-05,4.393433600414637e-05,1.3182911540810347e-05,4.134210793802371e-05,8.247651879525104e-05,6.226585410944295e-05,2.1514596863195923e-05,0.00013111062015600674,0.00020411753429356186,0.00012410456024653616,9.046225333820483e-05,8.130988429945472e-05,8.988662060633917e-05,5.899977907020304e-05,4.589780664148464e-05,0.00011235827575792397,9.833296511700507e-05,7.458393579241253e-05,0.00017641969427820657,0.0001343883856599069,0.00029400415489990106,0.00020322146124181046,0.0001878941459385777,0.00014686620892814643,0.00011754762790555893,0.00010768176951299197,3.786437074222882e-05,6.038459411795165e-05,0.00011020529935010973,0.00014439109255987964,5.034944388679088e-05,0.00010861299989932649,7.538860658970389e-05,6.0240871216948586e-05,6.22775445741032e-05,7.865079303054678e-05,8.34496180968088e-05,7.090284721102541e-05,8.130988429945472e-05,6.179705166685817e-05,5.736089631825295e-05,3.298904852356709e-05,2.2594801373560993e-05,2.5267247119886502e-05,1.4421665559775712e-05,7.572874148445765e-06,2.6360601602487823e-05,4.876641955657742e-05,6.391642732605329e-05,1.372347079128493e-05,0.00018555685008899263,0.00048377072998216533,0.000392399409389451,0.0005809285278184846,0.0005613230956537093,0.0001949424589994915,0.00010918940087358635,6.569725962720764e-05,4.442910495088556e-05,5.489388316513972e-05,4.403819009772517e-05
13,7.665105774737625e-05,0.00016189743880824263,0.0001607281492205715,0.00010741964159041689,0.00012670037912078825,0.0003076399837304257,0.00031016375678004636,0.00031305568759262267,0.000762658479490351,0.00031618513432974337,0.00045821242900684345,0.0004228815551673296,0.0,0.0004832932059055195,0.00029078865686972755,0.00033160879941899915,0.00033071031411528495,0.00021854831020617053,4.3341749756453297e-05,0.00013109193187640282,0.00010651710616163823,0.00012361144197553517,0.00023250646038795045,0.00014649040831092708,0.00042839072168574286,0.00010676419588762482,7.822647265388987e-05,7.41668651853211e-05,0.0001248247337831698,4.952361870886329e-05,4.461650710223134e-05,1.3387603407347328e-05,4.1984029353805814e-05,8.37571367016528e-05,6.323265980025909e-05,2.1848655312733804e-05,0.00013314638270204776,0.00020728687962051282,0.00012603153927571146,9.186686622888646e-05,8.25723878013282e-05,9.12822956127029e-05,5.99158722159215e-05,4.661046466716545e-05,0.00011410286951587862,9.985978702653583e-05,7.574200508414386e-05,0.0001791589735644172,0.00013647504226959898,0.0002985691752332157,0.0002063768931881741,0.00019081158973120854,0.00014914660945603047,0.000119372797048847,0.0001093537508750291,3.845229312177918e-05,6.132218937085294e-05,0.000111916463712884,0.0001466330618058918,5.1131222753802277e-05,0.000110299440532016,7.655917005367748e-05,6.117623487565465e-05,6.324453178347269e-05,7.987200866111502e-05,8.474534537504736e-05,7.200376001723534e-05,8.25723878013282e-05,6.275657823373324e-05,5.825154243214591e-05,3.350127147952516e-05,2.2945632224004687e-05,2.565957319741571e-05,1.4645591635048539e-05,7.690458624355836e-06,2.6769904261338802e-05,4.952361870886329e-05,6.49088615672483e-05,1.393655595406841e-05,0.0001884380025472988,0.0004912822674289167,0.0003984922188031594,0.0005899486402811703,0.0005700387933828476,0.00019796934237623163,0.00011088479131914,6.67173449594825e-05,4.511895835639549e-05,5.574622381627364e-05,4.472197374461594e-05
14,5.9171329769547694e-05,0.00012497788056806824,0.0001240752391457383,8.29233571338518e-05,9.780725974573388e-05,0.00023748487578091387,0.0002394331203553694,0.00024166556693615418,0.0005887396432309518,0.00024408136562596085,0.00035372034696021487,0.000326446427350466,0.0008259457239306832,0.0,0.0002930775149431457,0.0003342189613350008,0.00033331340386635633,0.0002202685494673305,3.34579723097963e-05,0.00010119735016248004,8.22266384837195e-05,9.542273272379032e-05,0.00017948501749979592,0.0001130843136804366,0.00033069926766860934,8.241738115692837e-05,6.038748252329582e-05,5.725363963427419e-05,9.63593419731088e-05,3.823011006138135e-05,3.4442030318907954e-05,1.0334655767580513e-05,3.240987037825254e-05,6.465691801227919e-05,4.881290193774039e-05,1.686622502708001e-05,0.0001027832981046494,0.00016001658256758683,9.729094406530993e-05,7.091728146061278e-05,6.374234266347892e-05,7.046601801141438e-05,4.6252484147092226e-05,3.598128005777068e-05,8.808252251426798e-05,7.708747357848704e-05,5.846958009387736e-05,0.00013830304522205605,0.00010535288055726562,0.00023048260057900122,0.00015931411206220655,0.00014729836523649873,0.00011513478706606372,9.215068059425957e-05,8.441640656661127e-05,2.9683521448625914e-05,4.7338100687561546e-05,8.639471098783833e-05,0.00011319443606154131,3.9471111449717695e-05,8.514643843045905e-05,5.91003964101734e-05,4.722543007582402e-05,4.8822066599708456e-05,6.165776575998759e-05,6.541977273357048e-05,5.558381519885867e-05,6.374234266347892e-05,4.844538738284739e-05,4.496769292078411e-05,2.586154504152268e-05,1.7713044164009802e-05,1.9808090221195983e-05,1.1305768736599723e-05,5.936704289725182e-06,2.066521819134477e-05,3.823011006138135e-05,5.010685782601658e-05,1.0758423594463218e-05,0.0001454660577103745,0.0003792488441813134,0.00030761890549654695,0.0004554150531910734,0.00044004550512345805,0.00015282384335270918,8.55983041381696e-05,5.1502929456721565e-05,3.4829901141920654e-05,4.303369437785287e-05,3.4523446044399876e-05
15,4.321415953278814e-05,9.127417095361194e-05,9.061495152120459e-05,6.056080196495522e-05,7.143085245132054e-05,0.0001734405724628898,0.00017486341951022353,0.00017649382570636936,0.0004299698682613129,0.00017825813809189451,0.0002583299642422206,0.0002384112043007007,0.0006032068303750337,0.0003557381730436901,0.0,0.00031868211335163904,0.0003178186525631898,0.00021002891807442683,2.4435113401545535e-05,7.390671210616372e-05,6.0051972587391013e-05,6.96893784716442e-05,0.00013108196503593199,8.258803023482565e-05,0.00024151714970857804,6.0191276272839025e-05,4.4102343376575247e-05,4.1813627082986524e-05,7.037340537584885e-05,2.7920313462328516e-05,2.515379320747334e-05,7.547632692995793e-06,2.3669660871532174e-05,4.7220408612804344e-05,3.5649165563986624e-05,1.2317785351027287e-05,7.506496573423877e-05,0.00011686372697552644,7.105377544003789e-05,5.179249353709405e-05,4.6552473564162755e-05,5.14629256405988e-05,3.377923458040744e-05,2.6277942082191543e-05,6.43286570507485e-05,5.6298724300679074e-05,4.270165588356126e-05,0.00010100583987842375,7.694158987759473e-05,0.00016832665261612523,0.00011635069688807009,0.00010757532539897163,8.408553729355376e-05,6.729972484587915e-05,6.165120971189776e-05,2.1678546626748624e-05,3.457208487723175e-05,6.309601014474731e-05,8.266845509875424e-05,2.8826644825589142e-05,6.218436848239022e-05,4.316235529718729e-05,3.44897989828764e-05,3.565585872376341e-05,4.5030059935523945e-05,4.7777538657956517e-05,4.059411655610074e-05,4.6552473564162755e-05,3.5380761377911676e-05,3.284092250872946e-05,1.8887270871575174e-05,1.2936236506700576e-05,1.4466295994908603e-05,8.256858443557735e-06,4.335709325349724e-06,1.5092275924484006e-05,2.7920313462328516e-05,3.65941707954414e-05,7.857119915052388e-06,0.00010623714979846636,0.0002769740027629273,0.00022466103954741452,0.0003325999067264612,0.00032137517838711936,0.00011161070695518833,6.251437622188926e-05,3.7613753461632096e-05,2.543706403625251e-05,3.142847966020955e-05,2.521325295197442e-05
16,3.670796034226527e-05,7.753219509212464e-05,7.697222583567527e-05,5.1442942333256246e-05,6.0676429377454605e-05,0.0001473278602324069,0.0001485364875330722,0.0001499214244758929,0.000365234845318001,0.00015142010707852653,0.00021943655008325037,0.00020251670117480078,0.0005123897501880133,0.000302179259980974,0.00023737954153367507,0.0,0.00035247265258030544,0.0002329298462353341,2.0756233220783335e-05,6.277953074528384e-05,5.101072083885384e-05,5.91971466961718e-05,0.00011134664253910442,7.015381466127025e-05,0.0002051550244024247,5.1129051363298656e-05,3.746242178885756e-05,3.5518288017703086e-05,5.977818848303184e-05,2.3716711614885007e-05,2.1366710668453435e-05,6.4112828889396845e-06,2.010602501543115e-05,4.011104011844119e-05,3.0281930041119544e-05,1.0463255124213974e-05,6.37634010485673e-05,9.926906138281118e-05,6.03561239931594e-05,4.399476512655932e-05,3.9543667443794085e-05,4.371481602178841e-05,2.8693530471855283e-05,2.232161093165648e-05,5.4643520027235505e-05,4.782255078642547e-05,3.627261776394178e-05,8.579869201855458e-05,6.535748607478149e-05,0.0001429838774045996,9.883327162527931e-05,9.137909475146871e-05,7.142586137740148e-05,5.716727242637886e-05,5.2369181435541605e-05,1.841468718716729e-05,2.9367011515287305e-05,5.359645688333296e-05,7.022213098970382e-05,2.448658834277276e-05,5.2822069359660996e-05,3.6663955602926194e-05,2.9297114347799127e-05,3.0287615498069466e-05,3.825046401906486e-05,4.058429027126236e-05,3.448238347757352e-05,3.9543667443794085e-05,3.0053936014979533e-05,2.7896487958748195e-05,1.6043657857128095e-05,1.0988594058061766e-05,1.2288292203801064e-05,7.01372965654575e-06,3.682937437433458e-06,1.2820026401072061e-05,2.3716711614885007e-05,3.1084658011176555e-05,6.674174607684594e-06,9.024239100886637e-05,0.00023527359595055462,0.00019083672155885382,0.000282524624288773,0.0002729898586659304,9.480692090227281e-05,5.310239208594193e-05,3.1950735252544453e-05,2.1607333058460963e-05,2.6696698430738377e-05,2.141721832535812e-05
17,3.1771102734763016e-05,6.710488168113703e-05,6.662022275132781e-05,4.452437538368318e-05,5.2516049743850725e-05,0.00012751372017113152,0.00012855979905373465,0.00012975847567540634,0.000316114370962552,0.00013105560029064278,0.00018992450442499004,0.0001752802078496754,0.00044347839655692323,0.00026153913820474976,0.0002054543409897322,0.00030589738783570535,0.0,0.00026321403139351393,1.796472514123659e-05,5.433630477834227e-05,4.415028340540944e-05,5.123571595241756e-05,9.637162038686329e-05,6.0718820442672314e-05,0.00017756370269740845,4.4252699644659484e-05,3.242409657875775e-05,3.074142957145053e-05,5.173861336571419e-05,2.0527048471818192e-05,1.849309941009649e-05,5.549028750900108e-06,1.740196350864746e-05,3.471650193906017e-05,2.6209309952739926e-05,9.056050796390378e-06,5.51878542567618e-05,8.591835444328482e-05,5.2238822265776366e-05,3.807790434540467e-05,3.422543527757762e-05,3.783560562640066e-05,2.483453441554281e-05,1.9319575032299476e-05,4.729450703300082e-05,4.139089069257135e-05,3.139430942748664e-05,7.42596165304011e-05,5.656755061318084e-05,0.0001237539600696855,8.554117409798078e-05,7.908951028847597e-05,6.181978945660827e-05,4.947883969552597e-05,4.53260444876399e-05,1.5938093890179687e-05,2.5417438919669057e-05,4.638826352601932e-05,6.077794890061135e-05,2.1193384394238325e-05,4.571802346523413e-05,3.173301619763803e-05,2.5356942229893056e-05,2.6214230771961853e-05,3.310615492310058e-05,3.512610462698756e-05,2.9844843946398254e-05,3.422543527757762e-05,2.6011978868150452e-05,2.4144686237333286e-05,1.3885944554465245e-05,9.510736839478195e-06,1.0635638439225209e-05,6.070452386737487e-06,3.187618778035937e-06,1.1095859646057893e-05,2.0527048471818192e-05,2.6904078950171377e-05,5.7765641335932755e-06,7.810568195673326e-05,0.00020363162425877557,0.0001651710699717279,0.00024452785661980495,0.00023627542267003784,8.205632772476676e-05,4.5960645557350374e-05,2.765367736847569e-05,1.87013604685136e-05,2.3106256534373102e-05,1.8536814286691345e-05
18,2.5060599752048586e-05,5.2931388477728134e-05,5.254909631879356e-05,3.5120202154002186e-05,4.14239226814528e-05,0.00010058103210270227,0.0001014061644377315,0.00010235166372677517,0.00024934657738193914,0.00010337481741087445,0.00014980978243770606,0.00013825856691371036,0.00034980953250429356,0.00020629840005123261,0.00016205949947185536,0.00024128756454398743,0.00031417273678614765,0.0,1.4170322956007802e-05,4.285971429519907e-05,3.482512365401319e-05,4.0414013363416374e-05,7.601658104642937e-05,4.789415303691588e-05,0.0001400597555879797,3.4905908145548866e-05,2.557567212777063e-05,2.4248408018049823e-05,4.081069178204671e-05,1.619144762263076e-05,1.4587097160596266e-05,4.3769959670540535e-06,1.3726424481728712e-05,2.738388928924582e-05,2.0673535696459295e-05,7.143285715866511e-06,4.3531404567516485e-05,6.777119164019053e-05,4.1205249539186016e-05,3.003531631128623e-05,2.6996542801535667e-05,2.984419448375363e-05,1.958913205538242e-05,1.523900952718189e-05,3.730524310469204e-05,3.264855342563736e-05,2.4763390481670574e-05,5.8574942870105395e-05,4.4619689681704393e-05,9.761538612394416e-05,6.747367707965055e-05,6.238469525190087e-05,4.876258193685038e-05,3.9028214039565314e-05,3.575254748729339e-05,1.2571744680279301e-05,2.004891894391212e-05,3.659041095058156e-05,4.7940792734339555e-05,1.6717044042484065e-05,3.606173500120231e-05,2.5030557626321982e-05,2.0001200004426233e-05,2.0677417169570334e-05,2.6113670173284427e-05,2.7706978138418185e-05,2.354119386560272e-05,2.6996542801535667e-05,2.051788370758062e-05,1.9044989498288464e-05,1.0953038097661983e-05,7.5019356825923655e-06,8.389242270186936e-06,4.7882876099053645e-06,2.5143489360558604e-06,8.75225829635776e-06,1.619144762263076e-05,2.1221559726664285e-05,4.556472682190652e-06,6.16086652773557e-05,0.00016062176610650108,0.00013028462089387908,0.00019288013998551462,0.00018637073595500716,6.472487918977e-05,3.625311190090547e-05,2.1812832434216194e-05,1.4751370559366857e-05,1.8225890728762608e-05,1.4621578841471485e-05
19,2.62481083413294e-05,5.5439567814287047e-05,4.2156052790619946e-05,2.157942324139648e-05,1.9494952734147593e-05,3.6255607788974834e-05,2.7997006414055678e-05,2.1643639173545955e-05,4.614587220020175e-05,1.4653195411299753e-05,1.626469401121924e-05,1.149703657928271e-05,2.2279920680694272e-05,1.0063892712328678e-05,6.055259641434312e-06,6.90528097444296e-06,6.8865712976056e-06,4.550957306040846e-06,0.0,0.0001703001892230431,0.00010598555152780275,9.420503513401549e-05,0.00013571836091939903,6.549390854647707e-05,0.0001466965545640179,3.655994141488824e-05,2.6787587669651263e-05,2.539743051083618e-05,4.2744526067944465e-05,1.695868716657634e-05,1.5278313785189054e-05,4.5844020290617785e-06,1.4376857716904372e-05,2.8681488072221316e-05,2.1653161142508013e-05,9.768242504167762e-06,5.952797259922502e-05,9.267520033076321e-05,5.634702095836449e-05,3.145855424071778e-05,2.8275786984631887e-05,3.341330050280746e-05,2.1931821825916043e-05,1.706146248892933e-05,5.453072244028234e-05,5.8290021681066704e-05,4.421202217614391e-05,9.152425787130847e-05,5.3399725689450434e-05,8.947854123556374e-05,6.184932966633725e-05,5.7184545881707594e-05,4.469791978335234e-05,3.5774971528110876e-05,3.277235199947159e-05,1.1523812171874638e-05,1.8377717813598614e-05,3.354037437203497e-05,4.394463178272466e-05,1.532357524860761e-05,7.356696199369294e-05,5.1063047341321105e-05,4.0803015176746696e-05,3.230878543641286e-05,3.125218561459314e-05,2.539743051083618e-05,1.6527883412938528e-05,1.895382683323238e-05,1.440526728317825e-05,1.3371172584763522e-05,7.689947150902337e-06,5.266985142772219e-06,5.889948443402592e-06,3.361777648829015e-06,1.765282861686051e-06,2.3311391177559634e-05,4.3125460479061374e-05,5.652302108040928e-05,2.4502233026655797e-06,3.312979092329921e-05,8.637365385020474e-05,7.005998638834291e-05,0.00010372045364413149,7.676137639070614e-05,2.665853513895208e-05,1.4931736754163027e-05,8.984152109773793e-06,6.075715170538922e-06,7.506781851331957e-06,6.022257255814754e-06
20,3.23433529944228e-05,6.831355190851483e-05,5.194538511225481e-05,3.0383149782639603e-05,2.7448280813679183e-05,5.104675642117724e-05,3.941890521485168e-05,3.0473563797096968e-05,7.423893815463733e-05,2.357388897511275e-05,2.6166449028516277e-05,1.8496297650805716e-05,3.584367516835137e-05,1.6190672600662373e-05,9.741630715753339e-06,1.1109135070153108e-05,1.10790351614203e-05,7.321526755887912e-06,9.058254110151462e-05,0.0,0.0001705083126616746,0.00015155595600897613,0.00021834210780612273,0.00010536583218089282,0.0002360036970268576,5.881720509825331e-05,4.3095556969675635e-05,4.085908843158507e-05,6.876689237642232e-05,2.728293708007535e-05,2.4579572085774433e-05,7.375332234158602e-06,2.3129320132313326e-05,4.614244173214041e-05,3.4835351771810704e-05,1.5715034012148103e-05,9.576790437705696e-05,0.00014909477571417698,9.065042667256782e-05,5.061015322407843e-05,4.548975457910206e-05,5.028810883887394e-05,3.300810834068272e-05,2.567805842830621e-05,8.207051874174881e-05,9.377630345438051e-05,7.112778290951562e-05,0.0001472431529797251,8.590885259974298e-05,0.00014395202804131074,9.950247640968657e-05,9.199782694961288e-05,7.190948928304638e-05,5.7554354747849434e-05,5.272377565463242e-05,1.853937391023498e-05,2.9565856947464076e-05,5.3959361042871363e-05,7.069760837962323e-05,2.4652388197450477e-05,9.065042667256782e-05,6.292073103534076e-05,5.0278149797954906e-05,3.9811419497441865e-05,3.8509459730796495e-05,3.12951337094982e-05,2.036593115678453e-05,2.3355218741502236e-05,1.7750408473635807e-05,1.647617989207263e-05,9.475679998564547e-06,6.490066159199431e-06,7.25769183617568e-06,4.142437990993548e-06,2.1752107233044537e-06,2.872468155961208e-05,5.313990529081562e-05,6.964860093313254e-05,3.941890521485168e-06,5.3298819204464474e-05,0.0001389569216192509,0.00011271168467753403,0.00016686424974374936,0.0001234928023423416,4.2887938771373725e-05,2.4022003021730467e-05,1.4453598578778949e-05,9.774539331144311e-06,1.2076822628545973e-05,9.688536864707757e-06
21,4.454977824369302e-05,9.409517897195554e-05,7.15496438459312e-05,4.781886144476429e-05,4.3199784963581105e-05,8.034051077560263e-05,6.203988659037339e-05,4.796116055663819e-05,0.0001168417864118699,3.710202986456916e-05,4.118235961536315e-05,2.9110605744713453e-05,5.6412970636964183e-05,2.548187187067059e-05,1.533197488658131e-05,1.7484236969873236e-05,1.7436863890535138e-05,1.1523067095037777e-05,0.00010919407526521939,0.0003302695981683023,0.0,0.00023852804312155164,0.00034364017804054334,0.00016583119808563412,0.0003714370685500069,9.25701186770541e-05,6.782642623824863e-05,6.430653511722887e-05,0.00010822954572057121,4.293955687187484e-05,3.868483552066835e-05,1.1607749451172743e-05,3.6402340199456443e-05,7.262180003381592e-05,5.482600953728772e-05,2.4733282737395713e-05,0.00015072539164055253,0.00023465448687904413,0.00014267119189338015,7.965335793141865e-05,7.159456102926244e-05,7.914650475966628e-05,5.195018194587419e-05,4.041370058529397e-05,0.00012916760745635458,0.00014759088816556566,0.00011194525979550729,0.00023174028964734948,0.00013520861229776324,0.00022656051570839575,0.00015660308976801413,0.00014479181294878724,0.00011317555714893423,9.058256747306604e-05,8.297990632670574e-05,2.9178401799301043e-05,4.6532555939092594e-05,8.492454626384395e-05,0.00011126822478139083,3.879943797565058e-05,0.00010927590893940057,7.584873372801352e-05,6.0608545603519876e-05,4.799126944503658e-05,4.642180262480202e-05,3.772518571631141e-05,2.4550415483354346e-05,2.8153896789418014e-05,2.1397494652820764e-05,1.986145680327123e-05,1.1422599789873748e-05,7.823547054941543e-06,8.748892876862386e-06,4.993563663257514e-06,2.6221402110152027e-06,3.4626595832354e-05,6.405829144723481e-05,8.395894484663046e-05,6.20398865903734e-06,8.388494507452629e-05,0.00021869891137812935,0.00017739255052089977,0.00026262117310628874,0.00019436053361420323,6.749966400559547e-05,3.780729918851889e-05,2.2747958416470245e-05,1.5383768480431117e-05,1.900724289939838e-05,1.5248412532945142e-05
22,6.152981638701826e-05,0.00012995932445225352,9.882061419733235e-05,6.604490259048948e-05,5.966527649650255e-05,0.00011096209838400102,8.568623640943785e-05,8.648516491694197e-05,0.00021069300762827464,6.690361814329474e-05,7.426140488817947e-05,5.249321554032246e-05,0.00010172575084439188,4.5949761547676045e-05,2.764712865950175e-05,3.152815945729008e-05,3.144273474004746e-05,2.077877904740142e-05,0.00015081312784245737,0.00045615104125432723,0.00037063981124970383,0.0,0.0006196634344330987,0.00029903234926672564,0.0006697877148297372,0.0001669255265562549,0.00012230687478912217,0.00011595968968021342,0.00019516312787042807,7.743004160916846e-05,6.97577861119274e-05,2.0931481097370353e-05,6.564191439435203e-05,0.00013095405281264517,9.886408964125622e-05,3.416031247463314e-05,0.00020817400306178996,0.0003240924660293145,0.00019704996493803014,0.00011001303892738197,9.888265145435023e-05,0.00010931299991882606,7.175086571512533e-05,5.5817282926320946e-05,0.00017839952258494373,0.0002038447913152036,0.0001546129195736179,0.00032006752970750203,0.00018674304152799451,0.00031291349770207433,0.00021629197133949367,0.00019997885548046778,0.0001563121417300943,0.00012510788974065207,0.0001146074930421681,4.029967770786392e-05,6.426832491262427e-05,0.00011729332769697735,0.00015367783433305185,5.358774810285977e-05,0.0001509261522197977,0.00010475829158887496,8.370934333431289e-05,6.628302347500612e-05,6.411535824564615e-05,5.2104047243364766e-05,4.4270128312469964e-05,5.076804603199644e-05,3.858467627515438e-05,3.5814841575677533e-05,2.0597613050686004e-05,1.410768107838094e-05,1.577629553818993e-05,9.004560605452258e-06,4.728330714958215e-06,4.78244374644864e-05,8.847395130126072e-05,0.00011595968968021342,1.1187239343094228e-05,0.0001512641317395082,0.00039436517378175324,0.00031988016571699805,0.00047356726157525217,0.00035047739895949345,0.00012171764622893618,6.817538331921497e-05,4.10198775913455e-05,2.7740524596000255e-05,3.427449456377514e-05,2.7496446235407006e-05
23,6.840185175393787e-05,0.00014447399597799677,0.00010985751948359717,7.342121107078524e-05,6.63290683674549e-05,0.00012335504068836564,0.00012436700318897793,0.00012552658666940706,0.00030580474822575866,9.710547270652243e-05,0.0001077847360971142,7.618987807222584e-05,0.00014764712875488345,6.669255624236015e-05,4.0127687738933284e-05,4.576070641066826e-05,4.563671898250109e-05,3.0158804824885574e-05,0.00016765688277600526,0.0005070968472427602,0.00041203518735932206,0.00047816041469298464,0.0,0.000434022530259786,0.0009721455201759005,0.00024227960479376322,0.0001775190523510644,0.0001683065997593931,0.0002832643183235788,0.00011238376938060362,0.00010124807870406768,3.0380440143826453e-05,9.527420644085854e-05,0.0001900697683340655,0.0001434936469019106,3.797555017978307e-05,0.00023142417989501185,0.0003602891430142881,0.0002190577395035676,0.000122299984325951,0.00010992648545013063,0.00012152176057530581,7.976445190397459e-05,6.205130676839377e-05,0.00019832429890694758,0.00022661145465886304,0.00017188105905268787,0.00035581467658858077,0.00020759967431614742,0.0003478616374701114,0.0002404488137275259,0.0002223137468907373,0.0001737700609849093,0.00013908072264447055,0.00012740757585967408,4.480059818423856e-05,7.144621406792843e-05,0.00013039338135498532,0.0001708415376343209,5.957276352822884e-05,0.00016778253042388358,0.00011645835388466807,9.30585272213037e-05,7.368592678746762e-05,7.127616312527455e-05,7.562503012397991e-05,6.425469736709065e-05,7.368592678746762e-05,5.6002699598430006e-05,5.198249687582757e-05,2.9895856269372177e-05,2.0476217548876193e-05,2.28980835163886e-05,1.3069429402669836e-05,6.862809544999228e-06,5.316577025169629e-05,9.835527645538003e-05,0.00012891079428951593,1.6237420259774796e-05,0.00021954829086592167,0.0005723908165481637,0.00046428153758232814,0.0006873465751150419,0.0005086910759597682,0.00017666383226795174,9.895134236210555e-05,5.9537207619174256e-05,4.02632447807532e-05,4.974680127559117e-05,3.99089837521183e-05
24,7.39578945053275e-05,0.00015620911246293372,0.00011878086087219266,7.938495879263845e-05,7.171674618698425e-05,0.00017413474831933594,0.00017556329014761766,0.00017720022185622864,0.0004316907729914342,0.0001370794169076486,0.00015215485146126862,0.00010755381513841338,0.00020842679360592297,9.414687418713548e-05,5.664644724741349e-05,6.459832568875557e-05,6.442329822754954e-05,4.2573824778355754e-05,0.00018127506392728648,0.0005482865473770624,0.00044550336193857897,0.0005169997097988146,0.000972448590727635,0.0,0.0013723339925221765,0.00034201519263613896,0.0002505956410904507,0.00023759083719672704,0.00039987146454548486,0.00015864709935696578,0.0001429273469860888,4.288669736359487e-05,0.00013449430090024776,0.0002683129208767602,0.00020256351057281564,4.106017106205722e-05,0.0002502219551632516,0.0003895541677193201,0.00023685103214837576,0.00013223398353775086,0.00011885542870254453,0.00013139254739858312,8.624343885324435e-05,6.70915170016634e-05,0.00021443348681797437,0.0002450183091190094,0.00018584235524224445,0.0003847162560634994,0.00022446226847257952,0.0004910605870078813,0.00033943074744633973,0.0003138302913826391,0.0002453033590373318,0.00019633398439671923,0.00017985552947406673,6.324298420100049e-05,0.00010085739857618584,0.0001840704564487173,0.00024116929468328307,8.409618387531244e-05,0.00018141091749335745,0.00012591785792364217,0.00010061734532878507,7.96711764394753e-05,0.00010061734532878507,0.0001067564447613488,9.070545874667873e-05,0.00010401910002387831,7.905648561547399e-05,7.338134672056935e-05,4.220263216004245e-05,2.8905352951189294e-05,3.23241919249558e-05,1.8449524129790092e-05,9.687918760458806e-06,5.7484239486880116e-05,0.00010634433094438195,0.00013938176643168334,2.2921633964146946e-05,0.00030992642181896195,0.0008080183041057879,0.0006554053101118083,0.0009702961646147316,0.0007180962528181551,0.00024938836546474936,0.00013968514786206736,8.404599120187213e-05,5.6837807010488435e-05,7.022531605904706e-05,5.6337712691549866e-05
25,6.056967129024514e-05,0.00012793136767487714,9.727856298130281e-05,6.501430160526542e-05,7.668371016418726e-05,0.00018619498624237803,0.00018772246613154865,0.00018947276858356473,0.00046158884607395935,0.00014657327380992744,0.0001626928039806755,0.00011500278562029231,0.00022286203266466922,0.00010066730571137873,6.056967129024514e-05,6.907228154624967e-05,6.888513201954215e-05,4.5522406041294075e-05,0.00014845975684722872,0.0004490330095200297,0.0003648561437802298,0.0004234098697524524,0.0007964111455713776,0.0005017778590042588,0.0,0.00036570250740988356,0.00026795141346326726,0.00025404592185147146,0.0004275657934924567,0.00016963469248534456,0.00015282622028391194,4.585694758034052e-05,0.00014380911763731648,0.0002868957579890057,0.0002165926699198909,3.3627256170345585e-05,0.00020492554142071835,0.00031903514893605545,0.00019397508890614784,0.00010829633495994545,9.733963217484123e-05,0.00010760721974510586,7.063122574298105e-05,5.494627934360569e-05,0.00017561567831342505,0.00020066388507532533,0.00015220025453830172,0.0003150730199343545,0.00024000809369501423,0.0005250704992804347,0.00036293906851441176,0.00033556557407642633,0.00026229259812869557,0.00020993169873608256,0.00019231197770261992,6.762307171247485e-05,0.00010784258811972983,0.0001968188224170275,0.0002578722164245475,8.992052390936608e-05,0.0001485710175300208,0.00010312358558905978,8.240309670014456e-05,8.518904896487548e-05,0.00010758590924587714,0.00011415019090372628,9.698754445307392e-05,0.00011122326293183587,8.453178583604632e-05,7.846359773080636e-05,4.512550533579345e-05,3.0907282130778206e-05,3.456290331970937e-05,1.9727302704828623e-05,1.035888539036987e-05,4.707815863848382e-05,8.70933551038053e-05,0.00011415019090372628,2.4509142269413768e-05,0.00033139133001131927,0.0008639800985652035,0.0007007974219807056,0.001037497011740368,0.0007678302188658166,0.00026666052424851965,0.00014935947268115797,8.98668549878505e-05,6.0774284262652836e-05,7.508898645261947e-05,6.023955437253407e-05
26,5.379390559327157e-05,0.00011362003075999527,8.639627261949677e-05,5.774132710753858e-05,6.810531041759915e-05,0.00016536585552637964,0.0001667224603618247,0.0001682769612012339,0.00040995214733167555,0.00013017651715567153,0.0001444927989802481,0.00010213773429570507,0.0001979310584011475,8.940592584393071e-05,5.379390559327157e-05,6.134535178184538e-05,6.117913816772012e-05,4.0429937306896644e-05,0.00013185196442573518,0.0003988008983346314,0.00032404067143748503,0.0003760441500759984,0.0007073187796083639,0.00044564532382423933,0.0013032274542080172,0.0,0.00031070323411581865,0.0002945791123583955,0.0004957841913142738,0.00019670001696282994,0.00017720974219237465,5.3173453111284185e-05,0.000166753955009018,0.0003326701610160126,0.0002511501699509248,2.986546575628622e-05,0.00018200107403606764,0.00028334554765142834,0.00017227561909757797,9.618151617525549e-05,8.645051016713213e-05,9.55694904201159e-05,6.272990109766201e-05,4.8799587330557065e-05,0.00015597002623014402,0.0001782161576871496,0.00013517402273279148,0.00027982665133045404,0.0002131590358478635,0.00046633227928137485,0.00032233805420896433,0.0002980267587340608,0.0002329506328990325,0.00018644720604027318,0.0001707985556569497,6.005826114188877e-05,9.57785287697462e-05,0.00017480123181361264,0.00022902474736896758,7.986135752493332e-05,0.00013195077867614904,9.158742831927774e-05,7.318488461393901e-05,7.565917991592508e-05,9.555056386893552e-05,0.00010138051704959362,8.613780954878899e-05,9.878101661242455e-05,7.507544303987792e-05,6.968608676466783e-05,4.007743681239517e-05,2.7449767873438345e-05,3.069644458363204e-05,1.7520462579831626e-05,9.200064832295404e-06,4.18116520588007e-05,7.735045646532875e-05,0.00010138051704959362,2.1767370654779232e-05,0.0002943194760894906,0.0007673289761466349,0.0006224011052889701,0.0009214350204316065,0.0006819351240557412,0.0002368299309094552,0.0001326510314769535,7.981369240085718e-05,5.397562906454673e-05,6.668898414472988e-05,5.350071796441694e-05
27,4.897248394802579e-05,0.00010343653377091903,7.86527772498596e-05,5.256610732620476e-05,6.200119110924637e-05,0.0001505445015751023,0.00015177951709953674,0.00015319469167304235,0.0003732090974478398,0.00011850910110556104,0.00013154224815293183,9.298336861991614e-05,0.00018019096166124726,8.139268231154285e-05,4.897248394802579e-05,5.584711171813822e-05,5.569579544058001e-05,3.6806296809007554e-05,0.00012003438196468535,0.00036305730875569307,0.0002949976657293425,0.0003423401944931331,0.0006439234556124214,0.00040570317820956027,0.001186422232741015,0.0003860439189004137,0.0,0.0003501328566771194,0.0005892825659309677,0.00023379505184957712,0.00021062916772368923,6.320126667565535e-05,0.000198201556661902,0.0003954073758836694,0.0002985137871991254,2.7188694076396974e-05,0.0001656887444489548,0.0002579499504836055,0.00015683495923649008,8.756099236599452e-05,7.870215361325354e-05,8.700382104447032e-05,5.7107567124680795e-05,4.4425794722644276e-05,0.00014199079843134249,0.00016224306127912767,0.00012305869197383015,0.00025474644459026806,0.0001940540911895014,0.00042453601034705073,0.00029344765009144114,0.0002713153190351635,0.00021207181379589643,0.00016973638006502348,0.00015549028152925498,5.4675379994818e-05,8.719412377688751e-05,0.0001591342072057695,0.0002084977961821439,7.270357127493132e-05,0.00012012433972549223,8.337866183428406e-05,6.662549497879426e-05,6.8878024993539e-05,8.698659083570127e-05,9.229401898037262e-05,7.841747961824504e-05,8.992750567318356e-05,6.834660708519387e-05,6.344028617825961e-05,3.6485390107434956e-05,2.4989509531487404e-05,2.7945194219573645e-05,1.5950144593333083e-05,8.375484589777341e-06,3.806417170695577e-05,7.04177163908058e-05,9.229401898037262e-05,1.9816412253867597e-05,0.00026794031144276604,0.0006985550789213624,0.0005666167533634153,0.0008388489597394059,0.0006208148775981767,0.00021560341942017356,0.00012076183050941568,7.26601782641812e-05,4.913791997059848e-05,6.071180683981469e-05,4.870557403900369e-05
28,3.8961672594668866e-05,8.229234129490014e-05,6.257480750052878e-05,4.182069803511319e-05,4.932708969881307e-05,0.00011977063666040982,0.00012075319393815404,0.0001218790826812234,0.0002969187897339805,9.428381867792754e-05,0.00010465276807973351,7.397598146672371e-05,0.00014335685443717547,6.475462921565913e-05,3.8961672594668866e-05,4.443100914442615e-05,4.4310624495962654e-05,2.92824617027123e-05,9.549730610305357e-05,0.0002888421998739796,0.00023469510920737254,0.0002723600172699513,0.0005122945137972796,0.0003227705259303006,0.0009438972840370885,0.00030712995467666406,0.0002938070088326346,0.0,0.0006120979350679887,0.00024284694090712973,0.00021878413868409337,6.564824256209504e-05,0.00020587536535778526,0.00041071644111290195,0.0003100714042765599,2.163086107711912e-05,0.00013181913787940863,0.00020522057911580432,0.00012477521743956176,6.966203144297944e-05,6.26140904927191e-05,6.921875544678118e-05,4.54338059582862e-05,3.534440422868139e-05,0.00011296545639402072,0.00012907781114437423,9.790339554148462e-05,0.00020267192448959075,0.000154386123738495,0.0003377536058277792,0.00023346194321430947,0.00021585383827753163,0.00016872071640152913,0.00013503936770935065,0.00012370541480038487,4.349879937901502e-05,6.937015705349115e-05,0.00012660445989105953,0.00016587728897272258,5.784172074022883e-05,9.556887496257126e-05,6.633464063649864e-05,5.300610695133389e-05,5.479818139536843e-05,6.920504738668953e-05,7.342754665611347e-05,6.238760871978088e-05,7.154478904954645e-05,5.4375394375256065e-05,5.0472009179944606e-05,2.9027153806682846e-05,1.988122737863328e-05,2.2232719682607677e-05,1.2689662875638626e-05,6.6633926258452375e-06,3.0283205507966765e-05,5.602313359874867e-05,7.342754665611347e-05,1.5765599454901617e-05,0.0002131687398259385,0.0005557585011036465,0.00045079062059888794,0.000667373918799617,0.0004939097234387816,0.0001715304015751995,9.607605175253567e-05,5.7807198001305934e-05,3.909329067133581e-05,4.830127757526162e-05,3.874932362542671e-05
29,3.126509060395395e-05,6.603611537325533e-05,5.021363036392604e-05,3.355933732083468e-05,3.958289842191672e-05,9.611085863375745e-05,9.689931919683019e-05,9.780279718475545e-05,0.00023826474185606374,7.565876763349006e-05,8.397940997058617e-05,5.936258915614431e-05,0.00011503779853869547,5.196284488387305e-05,3.126509060395395e-05,3.5654001330416864e-05,3.5557397753340164e-05,2.3497934181793373e-05,7.663253985030492e-05,0.00023178362087414637,0.00018833287600382426,0.0002185573680428865,0.000411094630264207,0.00025900966425341626,0.0007574375569873154,0.0002464587688534726,0.0002357676695965544,0.0002918450206818214,0.0,0.0002544289923892802,0.00022921856766331677,6.877919130794584e-05,0.00021569413874473223,0.00043030465971580543,0.00032485957889411536,1.7357849044453172e-05,0.00010577927010501936,0.00016468081508208806,0.00010012682255611741,5.59008271379565e-05,5.02451532998842e-05,5.554511694225014e-05,3.645870326323328e-05,2.8362386082565163e-05,9.064998995344297e-05,0.00010357947160977663,7.856332462631724e-05,0.0001626356277864673,0.00012388831960303873,0.0002710329507122489,0.0001873433125704488,0.0001732135547969692,0.0001353912225467347,0.0001083633680323878,9.926835128897808e-05,3.490594251167258e-05,5.566661031345667e-05,0.00010159471207866587,0.00013310949257296637,4.641552888258971e-05,7.668997082613904e-05,5.323073706965639e-05,4.253515380710549e-05,4.397321757928136e-05,5.553411680513517e-05,5.892249346973793e-05,5.0063411278058707e-05,5.7411660303847213e-05,4.363394891832049e-05,4.050164777039073e-05,2.3293060418176818e-05,1.5953842171442902e-05,1.784081506152154e-05,1.018291652075427e-05,5.347090109403466e-06,2.4300988662234438e-05,4.495618979463323e-05,5.892249346973793e-05,1.2651225231295421e-05,0.0001710588771155731,0.00044597263756332385,0.0003617403632298206,0.0005355392786920769,0.0003963416153648469,0.00013764587579114933,7.70969586999766e-05,4.6387825848083205e-05,3.137070853095929e-05,3.875972767873207e-05,3.109468955798035e-05
30,1.5555547747945067e-05,3.2855428400632036e-05,2.498315244366935e-05,1.6697020990485134e-05,1.969396712147432e-05,4.781873398391301e-05,4.821102249801374e-05,4.86605364673931e-05,0.00011854558861009923,3.764305651251164e-05,4.1782886164945244e-05,2.9535100401828627e-05,5.7235591946784745e-05,2.585345185623505e-05,1.5555547747945067e-05,1.7739194398191074e-05,1.7691130518419407e-05,1.1691097965240865e-05,3.812754448045536e-05,0.00011532098938627118,9.370262451165934e-05,0.00010874043569304002,0.00020453489903496307,0.00012886696061465127,0.00037685341242263946,0.0001226224224123984,0.00011730320210129592,0.00014520377413017825,0.00031906597367340064,0.0,0.00014889745438092028,4.467808434774715e-05,0.0001401121580654368,0.00027952041186314977,0.0002110246339190112,8.636176783651057e-06,5.262912900861109e-05,8.193484274937512e-05,4.981682570031427e-05,2.7812744786485134e-05,2.499883627909027e-05,2.7635765707683378e-05,1.81395635990149e-05,1.4111344071947116e-05,4.5101748302408326e-05,5.153464727618718e-05,3.908818186208722e-05,8.091728585073955e-05,6.163905601329137e-05,0.00013484899370602314,9.321027982497722e-05,8.618019875160067e-05,6.736217891247823e-05,5.39148140304054e-05,4.93897042518149e-05,1.7367007257566687e-05,2.7696213187615616e-05,5.054715544238843e-05,6.622693321610458e-05,2.3093455410870833e-05,3.815611853124305e-05,2.6484275469863238e-05,2.1162824198850717e-05,2.1878314518582676e-05,2.7630292729520824e-05,2.931613639656541e-05,2.4908412850157137e-05,2.8564440591525276e-05,2.1709515716052076e-05,2.0151079161852462e-05,1.1589165632703964e-05,7.937631040470251e-06,8.87647037608964e-06,5.0663804611491986e-06,2.66037660223097e-06,1.209064749711148e-05,2.2367379828659716e-05,2.931613639656541e-05,6.29445603239465e-06,8.510816630560641e-05,0.00022188800748320712,0.0001799793118740822,0.0002664507493716052,0.0001971947243142118,6.848395292691578e-05,3.8358610165907106e-05,2.3079672118780384e-05,1.5608096602748733e-05,1.9284408999205496e-05,1.5470766877148328e-05
31,8.638429326854271e-06,1.8245535344769453e-05,1.3873841040099281e-05,9.272321240784474e-06,1.0936608977123393e-05,2.6555076086873634e-05,2.6772924835095537e-05,2.7022552473982788e-05,6.58316702061464e-05,2.090423870628857e-05,2.3203201523749465e-05,1.640166464189254e-05,3.1784519839764855e-05,1.435714256637596e-05,8.638429326854271e-06,9.851069188119468e-06,9.8243779757424e-06,6.492392628180155e-06,2.1173288381594655e-05,6.404096036077001e-05,5.203567966236752e-05,6.038659544018681e-05,0.00011358393152193627,7.156341582270775e-05,0.0002092772059554693,6.809564967180964e-05,6.514173834216865e-05,8.063570381067142e-05,0.0001771862302017441,9.178116221134735e-05,0.0,3.2393351368710826e-05,0.00010158677198233328,0.00020266318595341356,0.00015300107902537654,4.79590972999614e-06,2.9226422549783965e-05,4.550070238387434e-05,2.7664672120416426e-05,1.5445192552324317e-05,1.3882550711147383e-05,1.5346911135987647e-05,1.0073405366954611e-05,7.836422763611295e-06,2.5046258192958354e-05,2.8618626331465268e-05,2.1706757100563905e-05,4.4935624670292844e-05,3.4229886197043076e-05,7.488540556733411e-05,5.176226693211392e-05,4.785826692527124e-05,3.7408095893969894e-05,2.994039928511509e-05,2.7427479672639533e-05,9.644383292981348e-06,1.538047930676775e-05,2.807024458655094e-05,3.6777662310039356e-05,1.282443959622196e-05,2.1189156348593377e-05,1.4707456505321493e-05,1.1752306261447045e-05,1.2149637982656886e-05,1.5343871838636582e-05,1.6280067825422928e-05,1.3832336060208213e-05,1.586263018887362e-05,1.2055899301785886e-05,1.1190456036657658e-05,6.435786762221001e-06,4.407987804531353e-06,4.929351460857133e-06,2.813502312213613e-06,1.4773812940289968e-06,6.714273621994595e-06,1.2421229583658184e-05,1.6280067825422928e-05,3.495486913600694e-06,4.7262937421555144e-05,0.00012322059641862543,9.994752940316797e-05,0.00014796752932329463,0.00010950772786781883,3.8031048277353526e-05,2.1301605598447388e-05,1.281678534986921e-05,8.667611170900139e-06,1.0709169934038214e-05,8.591348145753237e-06
32,9.222207937056444e-06,1.9478555013385855e-05,1.4811424868605802e-05,9.898937793687895e-06,1.1675696853798152e-05,2.8349648320464313e-05,2.8582219124590036e-05,2.8848716413107304e-05,7.028052537253194e-05,2.231693156485659e-05,2.4771256574644703e-05,1.751007690381619e-05,3.393249398135088e-05,1.532738755151674e-05,9.222207937056444e-06,1.0516797095595448e-05,1.0488302110995844e-05,6.931143679089782e-06,2.2604163416526302e-05,6.83688006915581e-05,5.555221207871646e-05,6.446747651556055e-05,0.00012125984888796062,7.639961808235092e-05,0.00022342000342675066,7.269750288170321e-05,6.954396842783086e-05,8.60850045252042e-05,0.00018916034346937025,9.798366469081045e-05,0.00011525207063215654,0.0,0.00014159540106236374,0.0002824794462475929,0.00021325856432705804,5.120013732112433e-06,3.120152238468734e-05,4.857560591041087e-05,2.9534230026267425e-05,1.6488967143900937e-05,1.4820723132726485e-05,1.638404394275978e-05,1.0754158587547934e-05,8.366002368514258e-06,2.6738865638758276e-05,3.0552651751311125e-05,2.3173683553590507e-05,4.797234066645678e-05,3.654311637296964e-05,7.994610541593078e-05,5.5260322320100436e-05,5.109249290492552e-05,3.9936107110476974e-05,3.196374913521192e-05,2.9281008289799907e-05,1.0296143521838133e-05,1.6419880625481536e-05,2.99672107771326e-05,3.926306929520688e-05,1.3691105657936501e-05,2.262110372889832e-05,1.5701375445144793e-05,1.2546518352139257e-05,1.2970701454684828e-05,1.638079925196085e-05,1.738026266519288e-05,1.4767115013133712e-05,1.693461490454691e-05,1.2870627983683526e-05,1.1946698708262342e-05,6.870712430933403e-06,4.705876332289271e-06,5.262473355606158e-06,3.0036366997832075e-06,1.5772216198490843e-06,7.168019224957406e-06,1.3260647013492118e-05,1.738026266519288e-05,3.7317093118158547e-06,5.045693147742539e-05,0.0001315477524100425,0.00010670190888587535,0.0001579670645808063,0.00011690817843148083,4.060115815124769e-05,2.274115221517764e-05,1.36829341433248e-05,9.253361868355172e-06,1.1432887649836016e-05,9.1719450448561e-06
33,1.0523753228219291e-05,2.2227595344005515e-05,1.6901785487746135e-05,1.1295991076461817e-05,1.3323507049016571e-05,3.235068056019066e-05,3.261607446232479e-05,3.292018294908705e-05,8.019933087804589e-05,2.5466556620991865e-05,2.8267264534014816e-05,1.998130269894129e-05,3.8721442361204413e-05,1.749056682806991e-05,1.0523753228219291e-05,1.2001049872296157e-05,1.1968533343910026e-05,7.909347323972229e-06,2.5794325973720358e-05,7.801780136578831e-05,6.3392386637588e-05,7.35658769273345e-05,0.00013837344970941623,8.718202115116118e-05,0.0002549516339642952,8.295742037659966e-05,7.935882244693375e-05,9.823432202533356e-05,0.00021585685215771028,0.00011181225956306064,0.0001315177838812909,5.15232933126356e-05,0.0,0.0004208569084201309,0.00031772697542791953,5.8426096450654705e-06,3.5605044275982276e-05,5.5431160628932774e-05,3.3702444219784956e-05,1.8816082048353328e-05,1.6912396031091584e-05,1.8696350864209508e-05,1.2271910579866283e-05,9.546709967270967e-06,3.0512565483816208e-05,3.4864597468743056e-05,2.644422341930738e-05,5.474275557432275e-05,4.170050616121548e-05,9.122903004321099e-05,6.305930199988683e-05,5.830326000192098e-05,4.557235523151067e-05,3.6474845334602566e-05,3.341348488544838e-05,1.1749255098745671e-05,1.8737245236582764e-05,3.4196532252257645e-05,4.4804330488466e-05,1.5623353794339717e-05,2.581365710008715e-05,1.791733624486744e-05,1.4317229009843998e-05,1.4801277767499192e-05,1.8692648244890695e-05,1.9833167564480535e-05,1.6851222109892478e-05,1.932462480641693e-05,1.468708076384269e-05,1.3632755838486098e-05,7.840387314914571e-06,5.370024356589919e-06,6.005174828247788e-06,3.427544860350506e-06,1.7998174869609286e-06,8.179653503091659e-06,1.5132143817292468e-05,1.9833167564480535e-05,4.258371551046685e-06,5.757800075055336e-05,0.00015011330188376167,0.00012176092382203446,0.0001802612147959434,0.00013340762088327252,4.6331266013506694e-05,2.5950648225601513e-05,1.561402902050451e-05,1.0559303964801505e-05,1.3046429784929913e-05,1.046639665182639e-05
34,1.2135015089093483e-05,2.5630799111716906e-05,1.9489569688544076e-05,1.3025488073167609e-05,1.5363431237242847e-05,3.730380105147943e-05,3.760982865751595e-05,3.7960498327884677e-05,9.247842183629051e-05,2.9365668517797578e-05,3.259518483651382e-05,2.3040583002384355e-05,4.464997203323702e-05,2.0168497661678876e-05,1.2135015089093483e-05,1.3838496411600069e-05,1.3801001370234735e-05,9.12032494869939e-06,2.9743621701879945e-05,8.996288455843402e-05,7.309821426808058e-05,8.482933865854763e-05,0.0001595594141879943,0.0001005302119143308,0.00029398655195084477,9.565879455657365e-05,9.150922555499555e-05,0.00011327469907292765,0.000248906079533876,0.00012893151592580313,0.00015165409690565812,5.9411877894671764e-05,0.00024325760146426477,0.0,0.00047833880621181164,6.737154954606391e-06,4.10564311198692e-05,6.391806763715641e-05,3.886252939205652e-05,2.1696958739218234e-05,1.9501804781937873e-05,2.1558895854740453e-05,1.4150827830070834e-05,1.100837951933191e-05,3.518425741494849e-05,4.020261661247226e-05,3.0493023092955358e-05,6.312426284679889e-05,4.80851518004296e-05,0.00010519684680263576,7.271413199089354e-05,6.722990595878582e-05,5.2549808645929854e-05,4.20594049393772e-05,3.8529328317661676e-05,1.3548150057962968e-05,2.160605144790638e-05,3.943226583487989e-05,5.16641938235818e-05,1.8015400962479483e-05,2.9765912561905172e-05,2.06606085274596e-05,1.6509299135082638e-05,1.706745921833619e-05,2.1554626337931333e-05,2.2869767319716515e-05,1.943126469602826e-05,2.2283363029467375e-05,1.6935777836946047e-05,1.572002822741491e-05,9.040806669211922e-06,6.192213479624198e-06,6.924610029625517e-06,3.952326484373118e-06,2.0753824123620996e-06,9.432016936448946e-06,1.744898322594441e-05,2.2869767319716515e-05,4.9103586815729474e-06,6.63936043306508e-05,0.00017309672166660337,0.00014040339181274855,0.00020786049559404514,0.00015383328146440273,5.342491409463066e-05,2.9923878008180644e-05,1.8004648499100806e-05,1.2176008897623386e-05,1.5043931463006378e-05,1.2068876810772758e-05
90,1.2782313418438447e-05,2.699798104952117e-05,2.0529170035673868e-05,1.3720285451396004e-05,1.6182937706733068e-05,3.9293636904303526e-05,3.96159884420918e-05,3.998536331308163e-05,9.741134754883378e-05,3.0932073506346166e-05,3.433385664981289e-05,2.4269599264422764e-05,4.7031662710192974e-05,2.1244312957000265e-05,1.2782313418438447e-05,1.4576660768389854e-05,1.4537165690151364e-05,9.60681557594898e-06,3.133018723104847e-05,9.47616280663894e-05,7.699737315881449e-05,8.935425179544742e-05,0.00016807053193089493,0.00010589263114027201,0.00030966819738189997,0.0001007613657070022,9.63904530101338e-05,0.00011931692670335387,0.0002621830708077384,0.0001358088996163842,0.00015974353419474557,6.258098885350625e-05,0.00025623329517970167,0.0006673983502355021,0.0,7.096524029522033e-06,4.32464374014966e-05,6.73275449301575e-05,4.0935509949963435e-05,2.2854304242347043e-05,2.0542057765710886e-05,2.2708876894470502e-05,1.490565237260359e-05,1.159558156393944e-05,3.706103390650872e-05,4.234707925858286e-05,3.211956271897422e-05,6.649139750480102e-05,5.065007967222859e-05,0.00011080819072662515,7.659280340678469e-05,7.081604124495067e-05,5.5352887430271854e-05,4.430291121857178e-05,4.058453547378804e-05,1.4270826942486684e-05,2.2758547831577202e-05,4.153563691516349e-05,5.4420032700042324e-05,1.8976367130207897e-05,3.135366711608503e-05,2.1762673690534232e-05,1.738992776803752e-05,1.797786087478915e-05,2.2704379635785713e-05,2.4089672039230667e-05,2.0467754974981717e-05,2.3471988140788855e-05,1.7839155428117347e-05,1.6558556068884745e-05,9.523055682496737e-06,6.5225146297159345e-06,7.2939782150487495e-06,4.163148993581196e-06,2.1860861534296572e-06,9.935133641330846e-06,1.8379735895636056e-05,2.4089672039230667e-05,5.172283940646041e-06,6.993513014227066e-05,0.00018232993793599104,0.00014789270107915737,0.0002189480591897236,0.00016203895944325066,5.627467220246636e-05,3.1520058655671286e-05,1.896504111570215e-05,1.282549389287524e-05,1.584639537683672e-05,1.2712647233745258e-05
35,3.119079619450107e-05,6.587919549554362e-05,6.540338897319134e-05,4.371112736859434e-05,3.9488838625323074e-05,7.343910317536009e-05,5.671053853545649e-05,4.3841202707396444e-05,8.180485943249334e-05,2.5976377381225275e-05,2.8833153299776387e-05,2.03813129195626e-05,3.9496615678732974e-05,1.784071444362346e-05,1.0734430625684834e-05,1.2241301605600756e-05,1.2208134121474175e-05,8.06768633798458e-06,3.435139699750351e-05,0.00010389961227593272,8.442232769430032e-05,7.503860886595141e-05,0.00010810586702155516,5.216888650941054e-05,0.00011685049917185704,2.9121661491778475e-05,2.1337535841325086e-05,2.0230212234321183e-05,3.4047965357796374e-05,1.350836811814168e-05,1.2169874047890578e-05,3.651685392969267e-06,1.1451823157918269e-05,2.284611392674642e-05,1.724773083914903e-05,0.0,0.00023485668195283565,0.000280048661262555,0.0001304154564174284,7.281097810951106e-05,6.544444768229295e-05,7.234766462026716e-05,4.748755932804393e-05,3.6942084364776077e-05,8.460218200373098e-05,9.666905990261261e-05,7.332189106990017e-05,0.00015178522346608555,8.855891853499305e-05,0.00014839257583444446,0.00010257187048522942,9.483572199696132e-05,7.412771106349651e-05,5.932975775146294e-05,5.435016778550027e-05,1.911126565099983e-05,3.0477887174523413e-05,5.5623867787639604e-05,7.287844676822776e-05,2.5412850620211546e-05,7.650773447295967e-05,5.310424627436561e-05,4.535944607889889e-05,3.591667440578911e-05,3.47420851643519e-05,2.823353555634726e-05,1.837353522086666e-05,2.1070381257528898e-05,1.6013888722513473e-05,1.4864317728555419e-05,8.54867567090291e-06,5.855143977646274e-06,6.547672951832963e-06,3.7371839147369922e-06,1.9624101903205736e-06,4.13251497378306e-05,5.85555584525779e-05,5.878247750396708e-05,2.72383722862371e-06,3.6829360734277027e-05,9.601891128596287e-05,5.965318992171631e-05,8.261807387820541e-05,6.11439387586878e-05,2.1234739612222026e-05,1.4527131885993119e-05,8.740708782326972e-06,5.911081680403995e-06,7.303370785938534e-06,5.859072313353533e-06
36,5.2654308346360856e-05,0.00011121304668215214,0.0001104098205257912,7.379033110539153e-05,6.666253314764751e-05,0.00012397519958010404,9.573510608429246e-05,7.400991597763504e-05,0.00013809773453454203,4.385165982372731e-05,4.867428631757641e-05,3.440642964925391e-05,6.667566187208655e-05,3.011755370321511e-05,1.8121179612179176e-05,2.066498287772916e-05,2.060899165117041e-05,1.3619352370262825e-05,5.79898325889381e-05,0.0001753966839361669,0.000142516377139385,0.0001266753828427872,0.00018249741432401105,8.806817944702187e-05,0.00019725954334265635,4.916132740519083e-05,3.602066406175077e-05,3.4151351131141224e-05,5.7477598690849966e-05,2.280396357032335e-05,2.0544403440620648e-05,6.1645418560749686e-06,1.9332235827674416e-05,3.8567349153692786e-05,2.9116516687050777e-05,6.50587498036328e-05,0.0,0.000472760248573065,0.0002201590370605961,0.00012291483899517212,0.0001104791332139271,0.00012213270277872064,8.016546214090405e-05,6.2363265399526e-05,0.00014281999568785457,0.00016319052761347482,0.0001237773295961406,0.00025623411178627017,0.0001494995053760078,0.0002505068609205653,0.00017315527511748576,0.00016009560375243367,0.00012513766339941696,0.00010015670453808993,9.175047906467707e-05,3.2262417034880584e-05,5.145082090965914e-05,9.3900657990383e-05,0.000123028735272062,4.290034996774248e-05,9.892383206348262e-05,7.339691466462422e-05,7.657291738771131e-05,6.063223385338523e-05,5.8649367378503236e-05,4.766204997209858e-05,3.1017027680197366e-05,3.5569670770536606e-05,2.7033623295842355e-05,2.5092991027129348e-05,1.4431327816123906e-05,9.884279788461368e-06,1.105336293459932e-05,6.308874995256248e-06,3.3128154414152823e-06,5.3433057465690275e-05,7.571182535529827e-05,7.600522970567232e-05,4.598207895267998e-06,6.217297257207762e-05,0.00016209298827787844,0.00010070270205336515,0.00013947055117920933,0.00010321928894776172,3.584713003875621e-05,2.452377544142932e-05,1.475550583962099e-05,9.978710242587172e-06,1.2329083712149937e-05,9.890911353693886e-06
37,4.986404105942897e-05,0.00010531962341285407,0.00010455896197224936,6.988001961443302e-05,6.312993930399961e-05,0.00011740548183727995,9.06618928353254e-05,7.008796820267685e-05,0.0001307796326892679,4.15278641890199e-05,4.609492912740497e-05,3.258315747788805e-05,6.314237230853513e-05,2.8521558475099967e-05,1.7160898559014886e-05,1.956990011015312e-05,1.9516875981496298e-05,1.289763301658777e-05,5.491682416988906e-05,0.00016610202895363227,0.00013496412173099055,0.00011996257646651218,0.00017282647606406263,8.34012534565743e-05,0.00018680632748796212,4.655616083955057e-05,3.411185006833683e-05,3.234159612991854e-05,5.443173466955261e-05,2.1595531524381233e-05,1.9455710441886075e-05,5.837869262319073e-06,1.830777824941927e-05,3.652358073156581e-05,2.7573568606014986e-05,4.718972111572373e-05,0.00028757562318332356,0.0,0.00020849232680790957,0.00011640131208545187,0.00010462460162901613,0.00011566062298258386,7.591731847368218e-05,5.9058499183513694e-05,0.00013525165086664457,0.0001545427036264657,0.00011721809741775862,0.0002426557041997485,0.0001415771986861317,0.00023723195291910145,0.00016397939730437603,0.00015161178656897427,0.00011850634414915437,9.48491810890833e-05,8.688841994103481e-05,3.055276079445248e-05,4.872432906162911e-05,8.892465616944077e-05,0.00011650917274881856,4.062696632882903e-05,9.368164123098721e-05,6.950745117374947e-05,7.251515054655526e-05,5.7419198795706087e-05,5.554140876438543e-05,4.513633340603051e-05,2.93733673532092e-05,3.368475590079594e-05,2.5601052304054897e-05,2.3763258395685267e-05,1.366658010265207e-05,9.360490123099028e-06,1.0467620989151668e-05,5.974553871886622e-06,3.137262085115944e-06,3.8757140089180865e-05,5.491682416988906e-05,5.512964211536267e-05,4.354538773564208e-06,5.887829039036453e-05,0.00015350332530751574,9.536624499847774e-05,0.00013207970076891038,9.774947243366415e-05,3.394751199383609e-05,2.3224206792342446e-05,1.3973579221658446e-05,9.449916500344665e-06,1.1675738524638146e-05,9.366770267144743e-06
38,5.190853523157988e-05,0.00010963787263024262,0.00010884602302579767,7.274519639946785e-05,6.571835352500991e-05,0.00012221926785010653,9.437915496650888e-05,7.296167116544895e-05,0.00013614177725654393,4.323056365966923e-05,4.798488453343336e-05,3.3919111687744866e-05,6.573129629980825e-05,2.9690981547199275e-05,1.786451897058489e-05,2.037229289410535e-05,2.0317094703344473e-05,1.342645368528423e-05,5.716848938961244e-05,0.00017291244028338004,0.000140497836096411,0.00012488120687133004,0.00017991259896142737,8.68208194006747e-05,0.00019446564349515996,4.846502737928287e-05,3.551048277407524e-05,3.3667645992721915e-05,5.666351055348734e-05,2.2480977978540007e-05,2.0253421292598806e-05,6.077229920440732e-06,1.9058422303545546e-05,3.802109770703063e-05,2.8704122791409092e-05,3.762589605805887e-05,0.00022929337683926014,0.0003569718353447209,0.0,0.0001211739257592172,0.00010891435399864857,0.00012040286738578836,7.903003280423118e-05,6.147997876742401e-05,0.0001407971543215507,0.00016087916674096113,0.0001220242004120106,0.0002526049213617569,0.00014738205828983435,0.00024695878882903153,0.0001707027778210504,0.00015782807805847125,0.00012336526702881218,9.873812778994941e-05,9.045096450065299e-05,3.1805465951520116e-05,5.072209347646543e-05,9.257068921121261e-05,0.00012128620885792952,4.229272774981911e-05,9.752271719404475e-05,7.235735214099014e-05,7.548837131918344e-05,5.977346481212229e-05,5.781868281035578e-05,4.6986985070842585e-05,3.057771575927823e-05,3.5065877159047454e-05,2.665073061179954e-05,2.4737584628960095e-05,1.4226928658032986e-05,9.744283074864486e-06,1.0896807827079603e-05,6.219518786738104e-06,3.2658941396637316e-06,3.090232554939269e-05,4.37869660850029e-05,5.739003316315785e-05,4.5330808442789875e-06,6.129238116623734e-05,0.00015979717248333855,9.927639202982102e-05,0.0001374951499131071,0.00010175733506323461,3.5339406612800133e-05,2.4176431169487934e-05,1.4546515162584711e-05,9.837376056405135e-06,1.2154459840881463e-05,9.750820713441909e-06
39,7.423171200247641e-05,0.00015678745218572517,0.0001556550690135899,0.00010402914365812532,9.398041902707315e-05,0.0001747794548955625,0.00013496674909541169,0.0001043387130268702,0.00019468931565352275,6.182179360239325e-05,6.862070203419795e-05,4.850596764003268e-05,9.399892782003093e-05,4.245953736605674e-05,2.5547124791154943e-05,2.913336260017018e-05,2.905442652190599e-05,1.920047712258038e-05,6.261747593884494e-05,0.00018939350478865109,0.00015388931848923983,0.0001367841979029147,0.0001970608801604826,9.509610325299879e-05,0.00021300104100184145,5.308444771236381e-05,3.889514703682987e-05,3.6876661170793005e-05,6.206436529243289e-05,2.462374137716349e-05,2.2183866217375197e-05,6.6564781119994155e-06,2.0874966485321354e-05,4.1645060001726297e-05,3.14400421880536e-05,4.121218990126186e-05,0.0002511483626813777,0.00039099643088706275,0.00023772793592252706,0.0,0.00015575278560441428,0.0001721819145190735,0.00011301676320661996,8.79193384560253e-05,0.00015421716608431986,0.00017621328567576217,0.00013365487727307719,0.00027668183564559393,0.00016142970694723316,0.00027049754475754926,0.00018697322943162835,0.00017287138397076795,0.0001351237669972339,0.00010814930405100331,9.907225385413238e-05,3.483698835157492e-05,5.555664495846406e-05,0.00010139401908665152,0.0001328465444156913,4.632383836861727e-05,0.00011418198784072588,0.00010347450763981562,0.00010795201625902388,8.547894109376072e-05,8.268350843638771e-05,6.719365761493263e-05,4.372761010900985e-05,5.014589764037543e-05,3.8111831717168534e-05,3.537594057743099e-05,2.0345194987902183e-05,1.393479534062997e-05,1.55829613907887e-05,8.894212200583466e-06,4.6703863271141464e-06,3.384776556462669e-05,5.126685323125293e-05,6.719365761493263e-05,4.9651492233946314e-06,6.713443443913599e-05,0.00017502816166573443,0.00010873887268310758,0.0001506004327439205,0.00014551790292009802,5.0537057967758564e-05,3.457346403273766e-05,2.08022191219858e-05,1.4067922799618121e-05,1.7381464501527172e-05,1.394414447949298e-05
40,8.762447538297592e-05,0.0001850747864194385,0.0001837381005379711,0.00012279791064605068,0.00011093621164556746,0.00020631287666429208,0.00015931722796904714,0.00012316333201111372,0.0002298148417517491,7.297557991742944e-05,8.100113622541148e-05,5.72573345372888e-05,0.00011095805976450674,5.012001725866792e-05,3.0156295025146268e-05,3.438955596089121e-05,3.42963783652235e-05,2.2664595623401625e-05,7.391481795225687e-05,0.0002235635694013773,0.00018165377620838762,0.0001614625779009947,0.0002326142800262201,0.00011225318578441709,0.00025143033846762765,6.266185645342138e-05,4.5912545489079224e-05,4.3529887723170095e-05,7.326191599279542e-05,2.9066316294416703e-05,2.6186242871493732e-05,7.857428944151963e-06,2.4641193602708053e-05,4.9158593227946624e-05,3.711240288591109e-05,4.864762541595668e-05,0.00029646013717850035,0.0004615393638227273,0.00028061841909821805,0.00020454828146041518,0.0,0.0002653599327054035,0.00017417694978510084,0.00013549779488373646,0.00018204077352731654,0.00020800539683543895,0.000157768670390341,0.0003266003173365466,0.00019055458914927028,0.0003193002668586249,0.0002207066319453964,0.0002040605547217097,0.00015950257478244736,0.0001276614236000239,0.00011694670693689181,4.112222048883582e-05,6.558008346030417e-05,0.00011968736123373918,0.00015681449944840044,5.468150909196927e-05,0.00017597274774307266,0.0001594708042405032,0.00016637136281077834,0.00013173675132911134,0.0001274285414691216,0.00010355619817988064,6.739125713815656e-05,7.728286713775633e-05,5.873644237256517e-05,5.451999553633465e-05,3.13552070085153e-05,2.1475753502807756e-05,2.401584160311171e-05,1.3707406829611941e-05,7.197814038326067e-06,4.270895289191798e-05,7.901043940335596e-05,0.00010355619817988064,5.860953279423634e-06,7.924671867551478e-05,0.00020660645470085652,0.00012835736123498873,0.0001777715151065753,0.0001717720036118664,7.286262378304813e-05,5.328325053618598e-05,3.205955446454118e-05,2.1680924258731855e-05,2.678762321425852e-05,2.1490162024553326e-05
41,8.432978107507243e-05,0.00017811594480940303,0.00017682951853115588,0.00011818068953905176,0.0001067649923206979,0.0001985554794596624,0.00015332687468194988,0.00011853237100226435,0.0002211737668958723,7.023168642512533e-05,7.795548053059373e-05,5.510444958863459e-05,0.00010678601894686597,4.823549658276736e-05,2.9022413502517364e-05,3.309650314910012e-05,3.300682904595238e-05,2.1812403198111922e-05,7.603963422786769e-05,0.00021515754338704744,0.00017482356513017985,0.00015539155911286758,0.000223867945842879,0.00010803244802100669,0.0002419765174734025,6.030576061515901e-05,4.418622642556313e-05,4.1893156973246874e-05,7.050725621819937e-05,2.797341814662884e-05,2.5201635945666128e-05,7.561988357444803e-06,2.3714680776834255e-05,4.731022224957811e-05,3.571697059366153e-05,4.681846690915307e-05,0.000285313188540996,0.00044418540982512576,0.00027006712159766377,0.00019685723331806015,0.00023101446843067167,0.0,0.00021885581219747844,0.00017025490449129526,0.0001751960112879374,0.00020018436060130856,0.0001518365431162124,0.0003143200930979973,0.00018338970607897502,0.0003072945256871854,0.0002124080272369644,0.00019638784518284186,0.0001535052524254821,0.00012286133362703934,0.00011254949202645717,3.957601841252367e-05,6.311426181921418e-05,0.0001151870972828134,0.00015091824915450412,5.262547559259056e-05,0.00022111225784725812,0.00020037733136848092,0.00020904798125859068,0.00016552909982613643,0.00016011577292387658,0.00013011983439085054,8.467807212250308e-05,9.71070206319016e-05,7.380317439763629e-05,6.850514903854452e-05,3.939826311653372e-05,2.698458941443629e-05,3.017624620329989e-05,1.72235514430429e-05,9.04415560926888e-06,5.366440613868246e-05,9.92777397298312e-05,0.00013011983439085054,5.64058049745595e-06,7.6267029361552e-05,0.00019883801891503405,0.00014115044552610441,0.00020896647282927193,0.00020191418014336898,9.155292205170058e-05,6.695116137357129e-05,4.028328570274826e-05,2.72423893844228e-05,3.365902918055387e-05,2.700269392673302e-05
42,7.355695756136946e-05,0.00015536227921290416,0.00015424018922347775,0.00010308353530834709,9.312615198398657e-05,0.00017319073748323742,0.00013373992283885355,0.00010339029074082733,0.00019291962077744459,6.125984334333115e-05,6.799695078017988e-05,4.806505611849574e-05,9.314449253496377e-05,4.2073586932849174e-05,2.5314905495043724e-05,2.8868544973463836e-05,2.8790326411580928e-05,1.9025947843107457e-05,6.632584689034206e-05,0.00018767194799000563,0.0001524904890902078,0.00013554085132611517,0.00019526962814069493,9.423169481796517e-05,0.00021106489545838955,5.2601918536067384e-05,3.854159634410526e-05,3.654145819315781e-05,6.150021009533657e-05,2.439991548924168e-05,2.198221840611904e-05,6.595971785969201e-06,2.0685216364194423e-05,4.126651303805943e-05,3.115425721121955e-05,4.0837577657876e-05,0.0002488654640586119,0.00038744233559434983,0.00023556702684186936,0.00017170943612357433,0.0002015032084014294,0.0002908342415938964,0.0,0.00019388949439593092,0.00015281535660285653,0.0001746115349699748,0.00013243997572247567,0.0002741668418196498,0.00015996233661788378,0.00026803876515096284,0.0001852736725505625,0.00017130001061929932,0.00013389551347295242,0.00010716624409936692,9.817170284331474e-05,3.452032567505962e-05,5.505164390288452e-05,0.00010047236359959875,0.00013163899048204076,4.590276205466532e-05,0.00019286596928658488,0.00017477985442189949,0.00018234286025288252,0.00014438335800069958,0.0001396615639661477,0.00011349749773048362,7.386075569138066e-05,8.470195113127392e-05,6.437508668768494e-05,5.975386484257134e-05,3.4365277973088206e-05,2.3537406039293038e-05,2.6321340255366713e-05,1.5023305247574802e-05,7.88879754990922e-06,4.6808972993598746e-05,8.659536874161871e-05,0.00011349749773048362,4.920016807626926e-06,6.652419312087703e-05,0.00017343718354847365,0.00012311898832144733,0.00018227176422962884,0.00017612037634276212,7.9857368489801e-05,5.8398393462637734e-05,3.513724213551244e-05,2.3762272998626635e-05,2.9359210345712028e-05,2.35531977658421e-05
43,5.15499349121184e-05,0.00010888046007805093,0.00010809408081716035,7.224264993862556e-05,6.526435068205908e-05,0.00012137493910340103,9.372715438566981e-05,7.245762922953904e-05,0.0001352012674810619,4.29319134691043e-05,4.7653390014348114e-05,3.368478790586949e-05,6.527720404414026e-05,2.9485867004466555e-05,1.7741105312671075e-05,2.023155475330833e-05,2.0176737888831317e-05,1.3333699563841625e-05,4.648225271328919e-05,0.0001315236114223964,0.00010686786196613544,9.498927491617517e-05,0.00013684819158769706,6.603913342217726e-05,0.00014791777669753974,3.6864296277133074e-05,2.701058946449955e-05,2.5608859500198582e-05,4.310036647248714e-05,1.7099865152554587e-05,1.5405502968417094e-05,4.6225663420784815e-06,1.4496542442333398e-05,2.892025624343187e-05,2.183341977043923e-05,2.861965122029029e-05,0.00017440904163813726,0.0002715260098329171,0.00016508927644279164,0.00012033681856106952,0.00014121678794300755,0.00020382145647979342,0.00017466950720916967,0.0,0.00010709553450300092,0.00012237065752886077,9.28161299026008e-05,0.00019214066649062312,0.00011210425654381512,0.00018784600880112143,0.00012984286024802277,0.00012004988638230007,9.383619488063645e-05,7.510387992175277e-05,6.880035634375529e-05,2.4192416335460558e-05,3.858110441328565e-05,7.041269753041132e-05,9.225478617144476e-05,3.216941639042419e-05,0.0001351636676271059,0.00012248861859031336,0.00012778889841770928,0.00010118625013982407,9.787713862652496e-05,7.95409273937595e-05,5.176284167645045e-05,5.9360531110924216e-05,4.511512763348657e-05,4.187649877732006e-05,2.40837563363268e-05,1.6495404235735885e-05,1.8446431472261866e-05,1.0528581297441978e-05,5.528600063337479e-06,3.280450403498444e-05,6.068746955170052e-05,7.95409273937595e-05,3.448029317798971e-06,4.662125703882307e-05,0.00012154765259024799,8.628382745604024e-05,0.00012773907314634486,0.000123428078568808,5.5965367306929884e-05,4.092656197015239e-05,2.462476161504915e-05,1.6652994727537586e-05,2.057542117793474e-05,1.650647133941639e-05
44,5.577264619413569e-05,0.000117799399509238,8.957424994815733e-05,4.585250570689158e-05,4.14233699158049e-05,7.703683478721235e-05,5.948874916701867e-05,4.5988953347888244e-05,8.581242374166861e-05,2.724894240482968e-05,3.0245669828583776e-05,2.137977954852826e-05,4.1431527961760875e-05,1.8714718884807715e-05,1.1260303065943864e-05,1.2840994628152046e-05,1.280620229158353e-05,8.462916793119195e-06,3.8518417393606175e-05,0.00010898958346814265,8.855811998967575e-05,7.871469917143637e-05,0.00011340189976696374,5.4724604703597464e-05,0.00012257492548637056,3.054831184027817e-05,2.2382847179510416e-05,2.122127654370013e-05,3.571595197515057e-05,1.4170133865568202e-05,1.2766067883071378e-05,3.830578971550338e-06,1.2012840169389722e-05,2.3965329477159228e-05,1.809268541770038e-05,1.6993419438355665e-05,0.00010355842478951225,0.00016122332651778007,9.802465088666273e-05,5.472718423080608e-05,4.9190251775018316e-05,5.4378942202738126e-05,3.56932495002112e-05,2.7766915228913657e-05,0.0,0.00014152181456084762,0.00010734196734403785,0.0002222109149513269,0.0001296487093103486,0.0002172441380996733,0.0001501634261116632,0.0001388378399016098,0.00010852167373425259,8.685772865590498e-05,7.956769595607336e-05,2.7978558974388015e-05,4.4619094271369507e-05,8.14323705033433e-05,0.00010669277263486647,3.720396925923659e-05,0.00011200598641861974,7.774368863424975e-05,6.212274966740149e-05,4.9190251775018316e-05,4.7581574427395865e-05,3.866768695856214e-05,2.5163766926203004e-05,2.8857275240561125e-05,2.1932075594131204e-05,2.0357662384623695e-05,1.1707974514670239e-05,8.019005411953718e-06,8.96746946563703e-06,5.118319575429029e-06,2.6876500384504283e-06,2.7184086507246966e-05,5.028984496884883e-05,6.591312732034218e-05,3.987650108023856e-06,5.391754058104842e-05,0.0001405700083463754,8.733122770169815e-05,9.902664434925907e-05,7.32875845846453e-05,2.720676479961555e-05,1.989586415956481e-05,1.1970976511830843e-05,8.095615781034129e-06,1.0002447434518732e-05,8.02438552650201e-06
45,7.444114545313931e-05,0.00015722980406265348,0.00011955699118231462,6.120048589475955e-05,5.528880760522095e-05,0.00010282298967279987,7.940112101105558e-05,6.138260597302899e-05,0.00011453598768120943,3.636984477913162e-05,4.0369651803861724e-05,2.8536126358218054e-05,5.529969635314782e-05,2.497900325132983e-05,1.5029408062522498e-05,1.7139196615307026e-05,1.7092758413717375e-05,1.1295666656401943e-05,6.279414159431621e-05,0.00018992784966863582,0.00015432349372408128,0.0001371701136495703,0.00019761685737034807,9.536440240051413e-05,0.000213601990943698,5.3234217383047976e-05,3.9004883760370496e-05,3.69807030444018e-05,6.223947043059758e-05,2.4693213506873736e-05,2.2246454611548205e-05,6.675258349483519e-06,2.0933862018585454e-05,4.1762555185172064e-05,3.152874547061039e-05,2.9613138336173977e-05,0.00018046338291670134,0.00028095161709556116,0.00017082009642567782,9.536889754619965e-05,8.572010688543313e-05,9.476204267575673e-05,6.219990855587357e-05,4.838728925778818e-05,0.00021583462440363007,0.0,0.00018705667448314604,0.0003872300444376114,0.00022592893548240825,0.00037857482054188694,0.0002616783706545649,0.0002419421337898654,0.00018911245899762971,0.00015136035119851448,0.0001386565662070087,4.875610470046312e-05,7.775429870874225e-05,0.0001419059925817625,0.00018592537228704934,6.483252486794048e-05,0.00014949719074809674,0.00010376644517710325,8.291678734128713e-05,6.565545903119987e-05,6.350831715084698e-05,5.161072865718612e-05,3.3586708928638504e-05,3.851652683084919e-05,2.9273289700276672e-05,2.717188102183001e-05,1.562692633902417e-05,1.0703167036093127e-05,1.1969105724595545e-05,6.831549119328408e-06,3.5872737101805405e-06,3.628327999092625e-05,6.712311356199435e-05,8.797589917189189e-05,6.948974261097621e-06,9.395799319641577e-05,0.0002449606518675527,0.0001521854819378565,0.00017256619415059092,0.0001277126942286052,4.435346924284344e-05,2.655550738372164e-05,1.5977961680918302e-05,1.0805420811323413e-05,1.3350516698967039e-05,1.0710348009508837e-05
46,0.00010894176821834941,0.00023009980256137683,0.00017496708229007633,8.956456954835971e-05,8.091305455513897e-05,0.0001504775113314636,0.00011620050267642328,8.983109531490944e-05,0.00016761903577210244,5.322587630734006e-05,5.9079440853583844e-05,4.176152911998777e-05,8.092898982112144e-05,3.655581555021613e-05,2.1994963667465558e-05,2.5082558492989375e-05,2.5014597961709788e-05,1.653077597426442e-05,9.189682369066391e-05,0.00027795214126353097,0.00022584652857764108,0.00020074321313477236,0.0002892047098500306,0.00013956215422743858,0.0003125983412360963,7.790624037455175e-05,5.7082155038584855e-05,5.4119844006845934e-05,9.108508366453447e-05,3.613757319365115e-05,3.2556835164458225e-05,9.76898519602733e-06,3.0635906125051024e-05,6.111790165901018e-05,4.614111269199607e-05,4.333769494275469e-05,0.0002641012562869077,0.0004111619422818045,0.0002499886754638526,0.000139568732701163,0.00012544809673628113,0.000138680623816815,9.102718637453134e-05,7.081294650892405e-05,0.00031586571488312804,0.0003609178982153449,0.0,0.000739881691341457,0.00043168314367360836,0.000723344127206401,0.0004999897044367121,0.0004622796131823591,0.00036133778364259026,0.0002892047098500306,0.000264931547008019,9.31584460637373e-05,0.00014856538862123822,0.000271140236433278,0.0003552482068141682,0.0001238757137837669,0.0002187834188288501,0.00015185822236497192,0.00012134554583971315,9.608425228422751e-05,9.294199229296281e-05,7.553032673967514e-05,4.915286347419573e-05,5.63674633569902e-05,4.284033946688347e-05,3.976500826683528e-05,2.2869408803802822e-05,1.566367544924931e-05,1.7516328284478563e-05,9.99771075793889e-06,5.249837824114055e-06,5.309919205180994e-05,9.823210853691065e-05,0.0001287493624398675,1.3277427470423257e-05,0.00017952583979421457,0.0004680471053817507,0.0002907812898075306,0.00032972278218217755,0.00024402105562048887,8.474631633482023e-05,4.746733756378122e-05,2.8560226311255642e-05,1.9314432586748562e-05,2.3863730925707297e-05,1.9144492215749155e-05
47,0.00013084512205786635,0.0002763626590977548,0.00021014519603233082,0.00010757202885790416,9.718107822632847e-05,0.00018073185940645494,0.00013956326581195634,0.00010789214112545857,0.0002300341876825815,7.304523119139857e-05,8.10784474620941e-05,5.731198358974049e-05,0.0001110639632767294,5.016785412488222e-05,3.0185077590068224e-05,3.442237894615038e-05,3.432911241746905e-05,2.2686227763371622e-05,0.00011037319578323004,0.00033383597902485976,0.00027125424051185453,0.00024110376262906542,0.0003473509396707534,0.00016762190850388832,0.0003754479919230312,9.356972718165183e-05,6.855884263214733e-05,6.500094234412947e-05,0.0001093982508696751,4.3403235074368314e-05,3.9102569570684304e-05,1.1733094489468646e-05,3.679542696839084e-05,7.340599875766386e-05,5.541804232486384e-05,5.20509817054375e-05,0.0003172002958978579,0.0004938283580599224,0.0003002503015059629,0.0001676298096166709,0.00015067014055148247,0.0001665631414574,0.00010932871300461953,8.50502867795082e-05,0.00037937228937704045,0.00043348246698368946,0.0004292690333956142,0.0,0.000676924244970007,0.0011342791219406542,0.0007840360647125502,0.0007249027039960068,0.000566615375087091,0.00045350318335575675,0.00041544032945315887,0.00014608217088956917,0.000232966042327438,0.0004251762027737638,0.0005570662827558807,0.0001942500541244174,0.0002627710529126193,0.00018239017014126828,0.000145742748775225,0.00011540253039376506,0.00011162850139810452,9.071612277777161e-05,5.9035322502609416e-05,6.77004581773938e-05,5.1453630120175104e-05,4.7759986324783744e-05,2.746743177811587e-05,1.881294529683083e-05,2.103808438095664e-05,1.2007806609122226e-05,6.305347178718804e-06,6.377508258602806e-05,0.00011798222519899165,0.00015463514425020572,2.0820392682175e-05,0.00028151526260934885,0.0007339467339973159,0.00045597542535317067,0.0005170397516073458,0.00038265049551616836,0.00013289107309298156,7.443374176637671e-05,4.478541707094507e-05,3.0287047079360385e-05,3.742082190558189e-05,3.002056283272121e-05
48,0.00013386829845641872,0.0002827480180265805,0.0002150006005512179,0.00011005748046414578,9.942644692986923e-05,0.00018490766881555488,0.00014278787491217934,0.00012612928950575842,0.0003072730378846721,9.757171452332255e-05,0.00010830225328518373,7.655569583907339e-05,0.00014835604107091792,6.701277360728106e-05,4.032035665360849e-05,4.5980421677998756e-05,4.5855838937104526e-05,3.030360918618633e-05,0.00011292336834814298,0.00034154925894621003,0.00027752156943497636,0.000246674464794485,0.00035537648274268526,0.00017149481251207244,0.0005015126064873409,0.00012498774471218842,9.157892599210482e-05,8.682638533280704e-05,0.00014613103044656663,5.797679044875976e-05,5.223208542227791e-05,1.5672729448988468e-05,4.91502708303613e-05,9.805361744033401e-05,7.402582368443168e-05,5.3253619579425376e-05,0.00032452920837919687,0.0005052382617196275,0.00030718758438586744,0.00017150289618005703,0.00015415137398011852,0.00017041158265416123,0.00011185475279610288,8.701537356026113e-05,0.00038813768569806044,0.0004434980788976878,0.00043918729393128064,0.0011870184404998672,0.0,0.0015151373590120258,0.0010472927778361308,0.0009683041389266183,0.0007568684871112177,0.0006057764815044687,0.0005549332183050425,0.00019513235350896772,0.00031118932481765803,0.0005679381172803661,0.0007441130847981449,0.000259473623644297,0.0002688423777957651,0.0001866042948180382,0.00014911013482239106,0.00011806890572921971,0.00011420767779784274,9.281211869291658e-05,6.456320960644627e-05,7.403972209292708e-05,5.627159072967859e-05,5.223208542227791e-05,3.0039398110561236e-05,2.057453197550008e-05,2.3008026280296336e-05,1.313218090718759e-05,6.895760610489473e-06,6.524860579772668e-05,0.00012070820438003087,0.00015820798908485847,2.7811280461630867e-05,0.00037603997398959633,0.0009803848935362636,0.0006090788311099095,0.0006906467981304999,0.0005111335031972351,0.00017751206526475126,9.942644692986923e-05,5.982306932267953e-05,4.045656455845081e-05,4.998565536239249e-05,4.0100602582371776e-05
49,0.00014770303079904228,0.00031196885070249985,0.0002372200191620982,0.00012143146371545805,0.00010970175704371683,0.00020401710798568444,0.00018001509528148626,0.000181693535103656,0.0004426372709627987,0.0001405553762122622,0.0001560130825772881,0.00011028108589073155,0.00021371192735472917,9.65341815649567e-05,5.808284630589214e-05,6.62363626479554e-05,6.605689696877277e-05,4.3653380598694654e-05,0.0001245935292027881,0.0003768469555168478,0.00030620227036797323,0.00027216724565105676,0.00039210316543230374,0.0002470441152832669,0.0007224459816494369,0.00018004910096916063,0.00013192256033236387,0.00012507636373127826,0.00021050672380870325,8.35175402309557e-05,7.524209708464688e-05,2.257710028708186e-05,7.080263825685575e-05,0.0001412495737686876,0.00010663671893252262,5.875715986231841e-05,0.0003580679534522237,0.0005574525365011884,0.0003389341446840034,0.00018922700780315565,0.00017008227788980625,0.00018802291155941891,0.00012341447667418143,9.600805081679267e-05,0.00042825010257072397,0.0004893317623519878,0.00048457547567319235,0.0013096918635539473,0.0009976628515032664,0.0,0.0015086608973951833,0.0013948750741916021,0.0010902948202646827,0.000872641642861045,0.0007994001914653514,0.00028109479773547736,0.0004482788156041961,0.0008181341911394285,0.0010719202290257004,0.00037378058760836435,0.00029662612034008184,0.00020588907323502862,0.00016452004761449156,0.00013027083648941374,0.0001260105666970404,0.00010946349638052569,9.30055012360787e-05,0.00010665674006307634,8.106114198886876e-05,7.524209708464688e-05,4.327277555024023e-05,2.9638313688916364e-05,3.314384507362189e-05,1.8917353629734947e-05,9.93357789818657e-06,7.199177805993917e-05,0.00013318289568792173,0.00017455812730795905,4.0063096229541905e-05,0.0005416983833191041,0.0014122778124480962,0.000877398789883056,0.000994900223033624,0.0007363052108652488,0.0002557121727069671,0.00014322718138088948,8.617716779806701e-05,5.8279058429474565e-05,7.200603811259452e-05,5.7766283085621285e-05
50,0.00014108118225177225,0.0002979826077009701,0.00022658492907102817,0.0001159874267363449,0.00010478358836035886,0.0001948705767139511,0.0001719446265123098,0.00017354781822184433,0.00042279287810345075,0.0001342539725867098,0.0001490186763106685,0.0001053369446334647,0.00020413075621672055,9.220634396744982e-05,5.5478865809681e-05,6.326684225691101e-05,6.309542241497727e-05,4.169630447549593e-05,0.00011900772994134144,0.00035995208578104993,0.000292474555721646,0.00025996539528631385,0.000374524326580104,0.0002359685895675772,0.0006900571549057585,0.00017197710765094607,0.0001260081846437733,0.00011946891794637325,0.00020106924892614812,7.977326701287692e-05,7.18688300055752e-05,2.1564919711444324e-05,6.762840178555456e-05,0.00013491704775481545,0.00010185596258291395,5.612294842081204e-05,0.0003420149872770236,0.0005324607252361597,0.00032373898882664286,0.0001807435489333753,0.00016245711895658625,0.00017959343494659854,0.00011788153690540371,9.170380080656522e-05,0.0004090507178036338,0.0004673939537495891,0.0004628509017611314,0.0012509755249850687,0.0009529354531001796,0.0020847559198447674,0.0,0.001739509716558373,0.0013596761952770855,0.0010882470014097752,0.000996909634562437,0.0003505454653121919,0.0005590359809982995,0.0010202722819177528,0.0013367617561352706,0.00046613132318137326,0.0002833277253550208,0.0001966586176842886,0.00015714425557827373,0.00012443051117792613,0.00012036123855861687,0.00010455600944159703,8.88358620626878e-05,0.00010187508612258172,7.742699445367465e-05,7.18688300055752e-05,4.1332762780268294e-05,2.8309563538139116e-05,3.165793431631109e-05,1.8069247467162785e-05,9.488233967067135e-06,6.87642298614855e-05,0.00012721201642050732,0.00016673230629754904,3.826698037374965e-05,0.0005174128650515713,0.0013489623223724401,0.000838063091280714,0.0009502966792814497,0.0007032950446923622,0.0002442480390991558,0.00013680599491080946,8.231365768385767e-05,5.566628131644065e-05,6.877785060492392e-05,5.517649480800532e-05
51,0.00011363546176581977,0.00024001352046975415,0.00018250543859358933,9.342340761429342e-05,8.439914706384862e-05,0.00015696074852805726,0.0001384947781129917,0.00013978608732449928,0.00034054338904565025,0.00010813640717555606,0.00012002880769792613,8.484485424188445e-05,0.00016441946667200986,7.426866083231698e-05,4.4686090901027e-05,5.095900615221169e-05,5.082093406787659e-05,3.358476826870847e-05,9.585614558752696e-05,0.00028992754971604833,0.0002355769966179506,0.00020939211923936825,0.00030166492876074663,0.00019006361592496503,0.0005558144763954773,0.00013852094041988977,0.00010149474238679325,9.622761477339702e-05,0.0001619535403938847,6.425429592303003e-05,5.788757617354138e-05,1.7369712744394167e-05,5.44720744661136e-05,0.00010867048870018255,8.204105719114139e-05,4.5204874652077466e-05,0.00027547990731107823,0.0004288766185443148,0.00026075929404435506,0.00014558197143247384,0.00013085295597276217,0.0001446555988866479,9.49490404468297e-05,7.386388166026223e-05,0.0003294746078913869,0.0003764678386810128,0.00037280858517679127,0.001007612632460991,0.0007675528268030182,0.001679190646402529,0.0015154023978399972,0.0,0.0014298554882845136,0.0011444165551915326,0.0010483648366090006,0.0003686387679735333,0.0005878904612403247,0.0010729333402408866,0.0014057583270032507,0.0004901905564187539,0.0002282095768400941,0.00015840094670386998,0.0001265736490258169,0.00010022398713832024,9.694634467909419e-05,8.421584100482004e-05,7.15538673956029e-05,8.20564604662349e-05,6.236446368999974e-05,5.788757617354138e-05,3.329194942675549e-05,2.2802263730001043e-05,2.549924750535475e-05,1.4554083308060164e-05,7.642407236605544e-06,5.538694026065066e-05,0.00010246438254470892,0.00013429645481415065,3.082257970729458e-05,0.0004167561463922484,0.0010865372260201573,0.0006750275610578672,0.0007654273960644822,0.0005664770870618749,0.00019673239382766734,0.0001101919629244313,6.630048282304695e-05,4.4837046877669584e-05,5.5397911245196675e-05,4.444254269812995e-05
52,8.214529067116632e-05,0.00017350200454703679,0.000131930315320358,6.75343141543455e-05,6.1010817927997576e-05,0.00011346446005008754,0.00010011570004419488,0.000101049167193246,0.00024617346772390456,7.81701104702469e-05,8.676694003830223e-05,6.133301264719032e-05,0.00011885625025754884,5.368764853001197e-05,3.2302873319489984e-05,3.683746523874554e-05,3.6737655097394995e-05,2.4277901534313522e-05,6.929290222916566e-05,0.00020958407239180549,0.00017029491112995716,0.00015136627450519286,0.00021806883936825662,0.00013739400301240583,0.00040178955594724267,0.00010013461236497374,7.336895530146953e-05,6.956143146972579e-05,0.0001170736708783432,4.6448421412197374e-05,4.1846019694312945e-05,1.2556292552437169e-05,3.937700715029994e-05,7.855618961667528e-05,5.930619179270312e-05,3.267789394565105e-05,0.00019914009859676684,0.0003100281720594592,0.0001884987984527609,0.0001052389207908256,9.459154683346424e-05,0.00010456926062608336,6.863717016899727e-05,5.3395040023570605e-05,0.00023817201966215185,0.0002721426881735914,0.00026949747128378614,0.0007283873474991558,0.0005548518841164624,0.0012138605466777755,0.0010954605940783188,0.0013223679085093013,0.0,0.0010801020321411852,0.0009894482785223525,0.0003479218127420376,0.0005548518841164624,0.0010126360684744361,0.0013267567817047932,0.0004626425698951053,0.00016496911907751038,0.00011450555669314093,9.149810304782293e-05,7.245034628949713e-05,7.008099003093642e-05,6.0878308856738466e-05,5.172516699030892e-05,5.9317326578360554e-05,4.508229137066216e-05,4.1846019694312945e-05,2.4066227392171237e-05,1.648339834198602e-05,1.843300555719151e-05,1.0520918252233297e-05,5.524576167711925e-06,4.003834926524841e-05,7.406989294347571e-05,9.708079806592384e-05,2.2281158803303087e-05,0.00030126647309215016,0.0007854406966762123,0.000487966822614046,0.00055331544361536,0.00040949738974220475,0.00014221475782544,7.965603943870672e-05,4.7927577786954874e-05,3.2411997024248716e-05,4.004628001767795e-05,3.212681614852827e-05
53,5.4419913297258575e-05,0.0001149422440069898,8.740167893196074e-05,4.474038001254932e-05,4.041867031827152e-05,7.516835143920674e-05,6.632501597577066e-05,6.694342271463722e-05,0.0001630859013360669,5.178642134528539e-05,5.748168051233457e-05,4.0632119056964205e-05,7.874032438141274e-05,3.556719020975448e-05,2.140012593462058e-05,2.4404219012484088e-05,2.4338096424151815e-05,1.6083713207925567e-05,4.5905415887100056e-05,0.0001388460245847284,0.00011281759700327613,0.00010027768442230384,0.00014446704411528546,9.102128278332194e-05,0.00026617901792960465,6.633754507937024e-05,4.860573446869417e-05,4.608331212277788e-05,7.755939465958387e-05,3.0771320490726074e-05,2.7722304528885443e-05,8.318338719793373e-06,2.608662404766469e-05,5.2042192473524736e-05,3.928938334723489e-05,2.164857097381419e-05,0.00013192706253880866,0.00020538859994691618,0.00012487737500985362,6.97190660370266e-05,6.266535470593411e-05,6.92754271162054e-05,4.547100410805547e-05,3.537334185374435e-05,0.0001577850726919004,0.00018029008569919326,0.000178537672717031,0.0004825447201398454,0.00036758031020075424,0.0008041627848101877,0.0007257247501740327,0.0008760471396495159,0.0008940215202964774,0.0,0.0008558154724205595,0.0003009322235437269,0.0004799147541473442,0.0008758715681690579,0.0011475677976999156,0.0004001590362135303,0.00010928934676074439,7.585806095981497e-05,6.061599872667973e-05,4.799717100294743e-05,4.642751118303946e-05,4.0330885222983615e-05,3.4267078245142525e-05,3.9296759960855826e-05,2.9866281652763546e-05,2.7722304528885443e-05,1.594348254627063e-05,1.0919982159487544e-05,1.2211565094410844e-05,6.969936491989919e-06,3.6599414719280238e-06,2.652475239636569e-05,4.907009420731216e-05,6.431444298766923e-05,1.4760903763699441e-05,0.00019958411749586074,0.0005203416320524532,0.00032327004946512656,0.0003665624434652028,0.00027128533191795787,9.421495410409e-05,5.2770825015523466e-05,3.175123742826081e-05,2.1472418606581748e-05,2.653000639030826e-05,2.12834909346003e-05
54,3.4853293746813745e-05,7.361488748449306e-05,5.597650207821602e-05,2.8654025933554895e-05,2.5886182173121985e-05,4.814165393582829e-05,4.24779299433779e-05,4.287398922423329e-05,0.00010444854614489365,3.316667090931254e-05,3.681420595092752e-05,2.602288565423389e-05,5.042932796298716e-05,2.277904636411499e-05,1.3705734357642047e-05,1.5629709096698106e-05,1.5587360811763224e-05,1.0300831938362841e-05,2.940017444980654e-05,8.8924090231372e-05,7.225415495770216e-05,6.422295405599088e-05,9.252407841556764e-05,5.829468137389941e-05,0.00017047464685332852,4.2485954221655505e-05,3.1129596476265745e-05,2.9514108290984563e-05,4.9673000214642184e-05,1.970752629065015e-05,1.7754780640794272e-05,5.327489246497163e-06,1.6707207264914078e-05,3.333047981168594e-05,2.5162929081721493e-05,1.3864851258171723e-05,8.449283332560908e-05,0.0001315413563247499,7.997785313944444e-05,4.465165306436464e-05,4.013409582966431e-05,4.436752402614951e-05,2.912195494476223e-05,2.2654895969801545e-05,0.0001010536245685308,0.00011546698507564052,0.00011434465024023922,0.00030904630048088095,0.00023541721680062254,0.0005150269462236932,0.0004647912200628731,0.0005610653608997695,0.0005725770728935691,0.0005983258974436899,0.0,0.00025163238677538364,0.0004012933331390826,0.0007323830283500807,0.0009595689704523831,0.00033460349372494715,6.9994483181977e-05,4.8583379162225216e-05,3.8821583522880826e-05,3.0739841330582355e-05,2.973455096036453e-05,2.5829960111613934e-05,2.1946388216373134e-05,2.516765344208537e-05,1.9127893164454555e-05,1.7754780640794272e-05,1.021102105578623e-05,6.9937146690338e-06,7.820910390264788e-06,4.463903546207939e-06,2.3440135694534306e-06,1.6987807051111302e-05,3.142699618518924e-05,4.1190256246234427e-05,9.453637164662326e-06,0.0001278238691099172,0.0003332533745792317,0.00020703866123437294,0.00023476532292244777,0.000173744991302931,6.034007170860087e-05,3.379713333024363e-05,2.033511517865186e-05,1.3752034279471055e-05,1.6991171977351163e-05,1.3631035342693943e-05
55,3.075116114870475e-05,6.495062660143459e-05,4.9388228511556115e-05,2.5281529356819108e-05,2.283945285955003e-05,4.247551949896184e-05,3.747839955790751e-05,3.782784379862974e-05,9.215525217163094e-05,2.9263048976298478e-05,3.248127961685317e-05,2.2960066733458153e-05,4.4493940861829455e-05,2.0098018013598916e-05,1.2092608777663089e-05,1.3790137214330827e-05,1.3752773200936169e-05,9.088453596477626e-06,2.5939858335159035e-05,7.84579801430351e-05,6.375004838591209e-05,5.6664096769969796e-05,8.16342600547652e-05,5.1433564760434125e-05,0.00015041027041051136,3.748547940167233e-05,2.7465732354874277e-05,2.6040382490373973e-05,4.382663071778547e-05,1.738800703338177e-05,1.5665093939504098e-05,4.700459059253267e-06,1.474081694201862e-05,2.9407578041214678e-05,2.2201324580296966e-05,1.2232998075880212e-05,7.454826945140546e-05,0.00011605931638617,7.05646894690788e-05,3.939628170906688e-05,3.541042798941759e-05,3.914559384281668e-05,2.5694384466993786e-05,1.998847976421734e-05,8.915990311680906e-05,0.00010187685247798752,0.00010088661323010048,0.00027267243829336515,0.0002077092863476446,0.0004544097534741017,0.0004100866280382221,0.0004950295789350552,0.0005051863954813012,0.000527904657315676,0.0006313870489682954,0.0,0.00046226551799464485,0.000843660714027856,0.0011053651046428472,0.0003854428782547758,6.175633348988863e-05,4.2865254934558134e-05,3.4252394612464595e-05,2.7121850270715662e-05,2.623487969053526e-05,2.2789847973248444e-05,1.936336133899603e-05,2.2205492897011304e-05,1.6876595061811718e-05,1.5665093939504098e-05,9.009213196902094e-06,6.17057453386826e-06,6.9004116938760845e-06,3.938514916234108e-06,2.068129902804457e-06,1.4988390939079709e-05,2.7728128971995152e-05,3.634228135756016e-05,8.340971215051717e-06,0.00011277936674232837,0.0002940304092772431,0.0001826708052868699,0.0002071341185071176,0.00015329570470868845,5.323821852576606e-05,2.9819307780562182e-05,1.794173051129098e-05,1.2133459331635955e-05,1.4991359823163005e-05,1.2026701622287604e-05
56,3.8534335653031506e-05,8.13897476661566e-05,6.18884784730506e-05,3.168033016205866e-05,2.862015968650867e-05,5.322615030680952e-05,4.696425027071428e-05,4.740213948077998e-05,0.00011547991317137512,3.666957959833923e-05,4.070235023461904e-05,2.877130115004927e-05,5.5755437767204035e-05,2.5184862722795592e-05,1.5153269930390638e-05,1.72804458845863e-05,1.723362497182363e-05,1.138875763943052e-05,3.2505283395492465e-05,9.831583681899242e-05,7.988530093287901e-05,7.100588214705007e-05,0.00010229603892110864,6.44514930257839e-05,0.00018847938188851142,4.697312203574082e-05,3.4417358889344966e-05,3.263125039620369e-05,5.491923021878283e-05,2.178894306206801e-05,1.9629957548011038e-05,5.890153748559422e-06,1.8471744370783355e-05,3.685068923098588e-05,2.7820519985636273e-05,1.532919201389935e-05,9.341657128007637e-05,0.00014543413927231257,8.842473999938545e-05,4.936755186307859e-05,4.437287135803628e-05,4.905341444447792e-05,3.219767964732225e-05,2.504760014438095e-05,0.00011172643585328821,0.00012766206809808548,0.00012642119750557804,0.00034168632559000543,0.0002602808823922703,0.0005694216839392382,0.0005138802952912345,0.0006203224606907485,0.0006330499858748112,0.0006615182808684825,0.0007911922530101316,0.00036323061683442325,0.0,0.0013802763439708084,0.0018084394354517294,0.0006306062116690207,7.738697319077183e-05,5.3714528486043916e-05,4.292173763891818e-05,3.398643962772904e-05,3.28749751895e-05,2.8557999713767076e-05,2.426426311512582e-05,2.782574331084997e-05,2.11480917955366e-05,1.9629957548011038e-05,1.128946135140556e-05,7.73235810870001e-06,8.646918373913976e-06,4.93536016486418e-06,2.591577321693919e-06,1.8781979794271312e-05,3.474616856483853e-05,4.5540578499037235e-05,1.045208611534381e-05,0.00014132402844138682,0.00036845003765865114,0.0002289051164895702,0.000259560138531038,0.00019209512482625112,6.671290792307917e-05,3.736662851203055e-05,2.2482814953719047e-05,1.5204459833457729e-05,1.878570010828571e-05,1.5070681554787713e-05
57,3.680490282099556e-05,7.773695076646747e-05,5.9110904530689826e-05,3.0258507203818744e-05,2.733567812010424e-05,5.083734431590528e-05,4.4856480278739954e-05,4.527471688642265e-05,0.00011029713916230702,3.502383759138356e-05,3.8875616241574625e-05,2.7480036308290553e-05,5.3253116577411976e-05,2.405455834035337e-05,1.4473186516827001e-05,1.6504894160167946e-05,1.6460174584365822e-05,1.0877626694937855e-05,3.1046436282492474e-05,9.390339183395792e-05,7.630002406514287e-05,6.781911632452516e-05,9.770496124196161e-05,6.155889020226131e-05,0.00018002036927869646,4.486495387622434e-05,3.287269724028615e-05,3.1166749845481435e-05,5.24544382808678e-05,2.0811048598122896e-05,1.8748959017747513e-05,5.625801837312782e-06,1.7642726804022868e-05,3.519681896803229e-05,2.6571926494867568e-05,1.46412131631381e-05,8.92240068387771e-05,0.00013890701038598286,8.445621048077289e-05,4.7151920956709775e-05,4.2381403248419126e-05,4.685188212204192e-05,3.0752637885117265e-05,2.3923456148661308e-05,0.0001067121190603157,0.00012193255523033032,0.00012074737529153793,0.00032635133824122014,0.00024859939636345726,0.0005438658636872742,0.0004908171896387804,0.0005924821979280112,0.0006046385078685549,0.0006318291370299295,0.0007556833014317599,0.0003469287150704907,0.000722349733901596,0.0,0.0022551406326683974,0.0007863717541597789,7.391382204024777e-05,5.130380393229683e-05,4.099539685678668e-05,3.2461117767623784e-05,3.1399536195117965e-05,2.7276307906051256e-05,2.317527552612722e-05,2.6576915395639685e-05,2.0198958933472225e-05,1.8748959017747513e-05,1.07827868548495e-05,7.3853274993584094e-06,8.258842018675055e-06,4.713859683218611e-06,2.4752665346791012e-06,1.7939038766318408e-05,3.318674983644636e-05,4.349670333390384e-05,9.982993276845097e-06,0.00013498136259286093,0.0003519138866833423,0.00021863178448139445,0.00024791099970831993,0.00018347383656167903,6.371881210366185e-05,3.568960273551084e-05,2.147377930593588e-05,1.4522079001305375e-05,1.794259211149598e-05,1.4394304732914099e-05
58,3.523333117979421e-05,7.441757813037525e-05,5.6586865228154324e-05,2.8966467062919868e-05,2.6168442962997473e-05,4.866658654948919e-05,4.294110577896106e-05,4.334148365746456e-05,0.00010558744445515952,3.352831754634051e-05,3.721562500843291e-05,2.6306637047563344e-05,5.0979205185071395e-05,2.3027427202059543e-05,1.3855180551744335e-05,1.5800134152260712e-05,1.5757324105128696e-05,1.041315135803825e-05,2.9720751520893364e-05,8.98937111580812e-05,7.304200828863183e-05,6.492323583639198e-05,9.353295331575264e-05,5.893032175918656e-05,0.00017233348830599077,4.294921755330547e-05,3.1469031022122384e-05,2.9835927687254355e-05,5.0214630501499545e-05,1.992241552769904e-05,1.7948377300750557e-05,5.385579748708444e-06,1.688938127140409e-05,3.369391260743995e-05,2.5437303579694464e-05,1.4016032449799937e-05,8.54141361934405e-05,0.00013297567239690006,8.084992503667169e-05,4.5138530997112864e-05,4.057171469188424e-05,4.4851303839359795e-05,2.9439498333372157e-05,2.290192308211256e-05,0.00010215550493465564,0.00011672602753288753,0.00011559145485124738,0.0003124161157861446,0.00023798418666585926,0.0005206427574575027,0.00046985926509264005,0.0005671831712002693,0.0005788204059497406,0.0006048499935535739,0.0007234155774267372,0.000332114837344065,0.0006915053553047995,0.0016477212275525022,0.0,0.000982851258540089,7.075769723871746e-05,4.911312831122828e-05,3.9244890859439825e-05,3.10750260185595e-05,3.005877404527274e-05,2.6111607860779765e-05,2.2185689818727596e-05,2.5442079454093103e-05,1.933646212982554e-05,1.7948377300750557e-05,1.032236118502452e-05,7.0699735554714805e-06,7.906188950445576e-06,4.512577581353566e-06,2.3695724995871976e-06,1.717304069446709e-05,3.176967355287985e-05,4.163939139430224e-05,9.556718842580224e-06,0.00012921765000887755,0.0003368871418187697,0.00020929619367635098,0.00023732518459074222,0.0001756394923210454,6.0998014860963325e-05,3.41656544773762e-05,2.0556847593039908e-05,1.3901985324092408e-05,1.7176442311584423e-05,1.3779667024914133e-05
59,2.473345896637041e-05,5.2240422731298826e-05,3.9723434097503995e-05,2.03341807462224e-05,1.8369994790906486e-05,3.416347478791348e-05,3.0144242459923657e-05,3.042530387243887e-05,7.412136852655262e-05,2.3536555825848936e-05,2.6125010131933837e-05,1.8467005706580714e-05,3.5786910784815154e-05,1.61650319947564e-05,9.726203233509397e-06,1.109154191875566e-05,1.1061489678202957e-05,7.309931908236551e-06,2.0863681167146475e-05,6.31045189828157e-05,5.127478595791167e-05,4.557548593203356e-05,6.565923190837273e-05,4.1368517999845845e-05,0.00012097644811944786,3.0149936847345278e-05,2.20909565299198e-05,2.0944533726050333e-05,3.5250186724681584e-05,1.3985343720434523e-05,1.259958790770351e-05,3.7806250860885493e-06,1.1856182899992767e-05,2.3652801963003444e-05,1.7856741989366307e-05,9.839119715914067e-06,5.9959900524534336e-05,9.334764061822249e-05,5.675586827496575e-05,3.168681378783699e-05,2.848095274915381e-05,3.148518309092501e-05,2.06662441397698e-05,1.6076929311959285e-05,7.171218005463978e-05,8.194054651147406e-05,8.114408742213868e-05,0.00021931310272077907,0.00016706260573285504,0.0003654861986225709,0.0003298366763515789,0.00039815712058877893,0.00040632634724206603,0.00042459886690890267,0.0005078307642445824,0.00023314141543002965,0.0004854300958140783,0.0011566844236703632,0.0019786303805528847,0.0,4.96712216133661e-05,3.4476942801607245e-05,2.7549535204559382e-05,2.1814368814201454e-05,2.110096972194656e-05,1.8330097096834424e-05,1.5574140462960504e-05,1.7860094607172003e-05,1.3574010081598212e-05,1.259958790770351e-05,7.24619808166972e-06,4.963053306973716e-06,5.550068456154393e-06,3.167785977187961e-06,1.6634170606039767e-06,1.2055309081532382e-05,2.2302004689405213e-05,2.9230451505710487e-05,6.708724535296055e-06,9.070954511557071e-05,0.00023649152718352247,0.00014692391110268497,0.0001665999926265187,0.00012329723108009798,4.282001863221215e-05,2.3983960209813734e-05,1.4430708916673964e-05,9.759059732669072e-06,1.2057696983969463e-05,9.673193465351802e-06
60,5.752519231773479e-05,0.00012150101481817639,9.238894523757405e-05,4.729333085358092e-05,4.2725018148877056e-05,7.945756637148616e-05,6.135806654506662e-05,4.743406609433519e-05,8.850891101361229e-05,2.8105187027283698e-05,3.119608073842718e-05,2.2051597228484718e-05,4.2733432545442015e-05,1.9302792255428334e-05,1.1614136025923553e-05,1.324449772320675e-05,1.3208612105634999e-05,8.728847370780799e-06,5.544598344757437e-05,0.00012844812007433112,7.993910582775424e-05,7.10537065149855e-05,0.0001023649380496846,4.9398473762687125e-05,0.00011064518918678938,2.757516457377288e-05,2.0204412532898492e-05,1.915589300704051e-05,3.223985858116006e-05,1.2791010364776925e-05,1.1523596612350284e-05,3.4577637581289135e-06,1.0843677595060679e-05,2.1632878040940495e-05,1.6331795373280625e-05,1.6397009195765882e-05,7.653453312125951e-05,0.00011915160015589876,7.244481465640229e-05,4.3234264055073346e-05,5.073595905179151e-05,7.322838325715755e-05,4.806564541748669e-05,3.73917959395229e-05,0.00011950919490312432,0.00010459125875951779,7.933074852858735e-05,0.00016422428850974618,9.581647709502743e-05,0.00016055360745959098,0.00011097781501316156,0.0001026076755998514,8.020260688273641e-05,6.419193536560978e-05,5.8804259275959245e-05,2.067746736069775e-05,3.297560343635674e-05,6.018234122524023e-05,7.88509631893239e-05,2.7495478260709593e-05,0.0,0.00011190945954813597,8.942363634982335e-05,7.080773485133929e-05,6.849209719994481e-05,5.566085203221015e-05,3.622240732820114e-05,4.15390899626069e-05,3.157049491251955e-05,2.93041793507466e-05,1.6853240737060636e-05,1.154309214716074e-05,1.2908374673796258e-05,7.367651156554042e-06,3.868783029739207e-06,3.9130590312582236e-05,7.23905627593808e-05,9.487975918211528e-05,2.947060462621617e-06,3.984759138432758e-05,0.00010388782932444666,6.454187336898129e-05,8.938876980818556e-05,8.637203818140845e-05,3.916323496177534e-05,2.8639436132428794e-05,1.723182338318115e-05,1.1653370230824947e-05,1.4398191110043313e-05,1.1550836643491995e-05
61,9.272786542424138e-05,0.00019585383893614886,0.00014892657174196341,7.623459291770104e-05,6.887069079708117e-05,0.000128081805980532,9.890627580793855e-05,7.646145141115951e-05,0.00014267214169375554,4.530422055774051e-05,5.028659375007117e-05,3.554612262568833e-05,6.888425440288352e-05,3.1115180157713715e-05,1.8721433150231336e-05,2.1349498419852444e-05,2.1291652516470157e-05,1.4070485498524237e-05,8.937627992694811e-05,0.00020705224115482608,0.0001288580246092444,0.00011453518484950568,0.00016500739618919254,7.962798284843257e-05,0.00017835476596206443,4.444984965065142e-05,3.256854902767307e-05,3.087838557804173e-05,5.196911383273589e-05,2.061849843445802e-05,1.8575487935288986e-05,5.573750204286544e-06,1.747949091912298e-05,3.487116727293277e-05,2.632607493331102e-05,2.643119650373208e-05,0.00013187503441058473,0.0002053076007629116,0.00012482812706970963,9.098967541790123e-05,0.0001067775420036719,0.00015411449621205157,0.00010115767137189969,7.869377333440107e-05,0.00019264312026506445,0.00016859611895316613,0.00012787738166840175,0.0002647217177512807,0.00015445158956475916,0.00025880475503077256,0.00017889094292422223,0.00016539867753877856,0.00012928277573794243,0.00010347433713956952,9.478966033516887e-05,3.333109084010493e-05,5.315509943609426e-05,9.701106268756237e-05,0.0001271039905926099,4.432139911591747e-05,0.0002598932945076352,0.0,0.00018819859257449448,0.0001490200643404763,0.00014414663529314806,0.00011714234000706497,7.623270934945576e-05,8.742205737648212e-05,6.644241893914164e-05,6.167279184204152e-05,3.5468879554686245e-05,2.429328290291163e-05,2.7166619980976704e-05,1.5505761506041193e-05,8.142137256918267e-06,6.307664461918883e-05,0.00011669013333254843,0.00015294164498101516,4.750520858160266e-06,6.423241613791077e-05,0.0001674622242652449,0.00012707281375951606,0.00018812521338380157,0.00018177628071332257,8.242189650661545e-05,6.027379104966212e-05,3.6265634462910804e-05,2.4525371207353047e-05,3.030204779336401e-05,2.430958176269003e-05
62,0.00011563416090665558,0.00024423504436464947,0.0001857154705470529,9.506660315933769e-05,8.588361766926071e-05,0.00015972148279492268,0.0001233388060765531,9.53495018480501e-05,0.00017791602679554356,5.649559068093083e-05,6.270874506319869e-05,4.4326978136520404e-05,8.590053185324031e-05,3.8801472810092785e-05,2.334613444828746e-05,2.6623403054333845e-05,2.65512676453185e-05,1.7546276696085465e-05,0.00011145464297088406,0.0002581997553835817,0.00016068944845875653,0.00014282847916068732,0.00020576869438796805,9.929825235641555e-05,0.00022241322617930817,5.5430167008205174e-05,4.0613863174054164e-05,3.8506183552625885e-05,6.480689319890105e-05,2.5711826264043972e-05,2.3164136810457786e-05,6.950617541202259e-06,2.1797398832173398e-05,4.348529052181833e-05,3.28293288209709e-05,3.5232680028291765e-05,0.00021470904417315178,0.0003342664433667035,0.00020323579795715222,0.00014814256789331197,0.00017384718863001743,0.0002509176685550159,0.0001646973365968586,0.00012812330196178333,0.00024023119117834373,0.00021024392892119196,0.00015946656013824387,0.0003301151554162209,0.00019260531748799498,0.00032273654256698056,0.0002230818533803436,0.00020625663283377175,0.0001612191246260709,0.00012903530234158192,0.00011820527503072108,4.1564773477374344e-05,6.628584938390851e-05,0.00012097542395930776,0.00015850212050952243,5.5269985710663004e-05,0.0003240939807916707,0.00029370188525904006,0.0,0.0002426232965183375,0.0002346887447112098,0.00019072237567586587,0.00012411638209087436,0.00014233403966754413,0.0001081765652364463,0.00010041101598250401,5.7747770539865625e-05,3.95525019214211e-05,4.4230653933862296e-05,2.524531839569887e-05,1.3256417454395851e-05,7.865828507943227e-05,0.0001455157583134389,0.00019072237567586587,7.23562443036908e-06,9.783382776453875e-05,0.0002550654543440536,0.00020689042853822188,0.0003062913684234401,0.0002959545122376508,0.00013419315260821988,9.813326777738084e-05,5.904498714761674e-05,3.993037069873067e-05,4.933552243062123e-05,3.957903850296419e-05
63,0.00010832427029942755,0.0002287955631355838,0.0001739753432081715,8.905690443322778e-05,8.045442749576108e-05,0.00014962458272922645,0.00011554186118607635,8.932191949264582e-05,0.00021760383856711047,6.909808866412225e-05,7.66972143165023e-05,5.421501799650589e-05,0.00010506240389294507,4.7456935598255175e-05,2.855396763940352e-05,3.256229809470705e-05,3.247407140607721e-05,2.146033289073241e-05,0.00010440896337761497,0.00024187748563329046,0.00015053135779800864,0.00013379948158700165,0.00019276088912891157,9.302104710389278e-05,0.0002720270491445388,6.779500043165067e-05,4.967361673307647e-05,4.7095776027249977e-05,7.926339734359931e-05,3.144737544109071e-05,2.83313717029093e-05,8.501095065008427e-06,2.6659754841029248e-05,5.318557472974475e-05,4.0152582640767885e-05,3.300542266085878e-05,0.00020113606873940269,0.00031313556720070413,0.00019038811143535752,0.00013877763665600984,0.00016285732264841182,0.0002350557407805887,0.0001542858846142849,0.00012002390197276528,0.0002250448161989349,0.0001969532187262319,0.0001493857751783176,0.0003092467056868316,0.0001804296438793613,0.0003023345367702331,0.00020897958522807705,0.00019321798222041926,0.00015102755013312357,0.00012087824964027014,0.00011073284972926207,3.8937228599186615e-05,6.209554520385996e-05,0.00011332788184569802,0.00014848230324398642,5.17760567000643e-05,0.00030360616363216716,0.00027513532468950995,0.00028704087336855403,0.0,0.00028704087336855403,0.00023326690571501927,0.00015180308181608358,0.0001740845608361841,0.00013230756251940857,0.00012280974854123508,7.062959287309249e-05,4.83754971266581e-05,5.409720670865935e-05,3.087680344315423e-05,1.6213532730469197e-05,7.368584912474104e-05,0.00013631688259575428,0.00017866573348976792,8.849678574981034e-06,0.00011965766573543122,0.00031196302520240614,0.00025304157373325065,0.0003746159280271375,0.0003619732244705387,0.0001641276822718599,0.00012002390197276528,7.221618019961836e-05,4.883765726983459e-05,6.03408206218208e-05,4.840795323592621e-05
64,0.00010462861278393105,0.00022098983280315667,0.00016803989325904077,8.60185842371558e-05,7.770959470060077e-05,0.00014451989832066491,0.00011159996389504023,0.00011264050898522413,0.0002744120062864965,8.71369975168715e-05,9.671996870903486e-05,6.836851756496682e-05,0.00013249024110690858,5.9846154348559246e-05,3.600833330406476e-05,4.10630878954452e-05,4.0951828540856835e-05,2.7062817654780345e-05,0.00010084688288424911,0.00023362544437661572,0.00014539573729277603,0.00012923469607467174,0.00018618453992633754,0.00011730533951393281,0.0003430430676751434,8.549372201862901e-05,6.264152745185189e-05,5.9390709614120224e-05,9.995608548712593e-05,3.965710092275323e-05,3.5727625951074934e-05,1.0720410852043609e-05,3.361961287634522e-05,6.707032542805318e-05,5.063490990136801e-05,3.18793893354408e-05,0.00019427398675150195,0.00030245244134999945,0.00018389271337781822,0.00013404301333961964,0.0001573011819355727,0.00022703643437238324,0.00014902217236001624,0.00011592909261804941,0.00021736704865884266,0.00019023384142532917,0.0001442892380752291,0.00029869625463043424,0.000174273995033743,0.00029201990552535524,0.00020184990900133063,0.00018662603854844112,0.00014587500122461317,0.0001167542928343918,0.00010695501963464796,3.7608822129358314e-05,5.997705534302671e-05,0.00010946151803728598,0.00014341658954579992,5.000963286413677e-05,0.0002932481487821543,0.000265748638514226,0.00027724801016267307,0.0002866214409284549,0.0,0.00029416411042657215,0.0001914331498742266,0.0002195314839900128,0.0001668480846519154,0.00015487074911294365,8.906831980138222e-05,6.100451770081645e-05,6.821995018640382e-05,3.893757406276928e-05,2.044627555679663e-05,7.117193731761919e-05,0.00013166621188030414,0.00017257026329728007,1.1159996389504022e-05,0.00015089577618775308,0.00039340482317179145,0.00031910119958944894,0.00047241403953956747,0.0004564708021835695,0.00020697523938891145,0.00015135762291492217,9.106910533112104e-05,6.158733045333874e-05,7.609353657013167e-05,6.104544687798153e-05
65,8.332957450241049e-05,0.00017600337275688386,0.0001338323469281138,6.85079523952438e-05,6.189040730692311e-05,0.00011510027050690452,0.00011604451370048084,0.00011712649925638457,0.0002853406642052238,9.06072918775805e-05,0.00010057191187375006,7.10913435483822e-05,0.00013776676141016164,6.222957101271174e-05,3.7442391391496935e-05,4.2698455264274627e-05,4.258276492489441e-05,2.8140614069260852e-05,8.031768382510297e-05,0.00018606677805279909,0.0001157978166841569,0.00010292664643360974,0.00019359947476882481,0.00012197711005683494,0.0003567050075761926,8.889857173633733e-05,6.513627188483825e-05,6.175598786016584e-05,0.00010393690935837945,4.123647383685498e-05,3.715050466382299e-05,1.1147359018545758e-05,3.495853843378609e-05,6.9741449964549e-05,5.265148204974509e-05,2.5389765552993645e-05,0.00015472601826730777,0.00024088280035747015,0.00014645804003453962,0.00010675614413122465,0.00012527969367697323,0.0001808190796896498,0.00011868602558871148,9.232963816754564e-05,0.00017311807156414807,0.00015150831727710995,0.0001149165653081509,0.0002378912530859857,0.00013879738502303192,0.0002486074383088728,0.00017184235680585403,0.00015888170801847066,0.0001241888298762083,9.9397284582033e-05,9.105479778102422e-05,3.2017793138358506e-05,5.106070443833051e-05,9.318867336695073e-05,0.00012209589231197327,4.2575065883790446e-05,0.00023355220729247227,0.00021165071755005005,0.00022080918501906862,0.00022827448515597693,0.0002882896140003429,0.0,0.00019905711442880821,0.00022827448515597693,0.00017349293108641107,0.00016103858944025546,9.261553047804935e-05,6.343406702874603e-05,7.093685936581282e-05,4.048829129586599e-05,2.1260563365468435e-05,5.668360781421239e-05,0.00010486318341033198,0.00013744047856228308,1.1604451370048083e-05,0.00015690531032459064,0.0004090724566481969,0.00033180963716461715,0.0004912282725755003,0.00047465008418533065,0.00021521817897285413,0.00015738555043388764,9.469599874805582e-05,6.404009072341763e-05,7.912401705914099e-05,6.347662624018762e-05
66,7.142169981138203e-05,0.00015085232499860307,0.0001147075784849469,5.871810146497286e-05,5.3046209803355705e-05,0.00012880099676187596,0.00012985763602069462,0.00013106841352337643,0.00031930560896574,0.0001013925463105365,0.00011254328455126867,7.955355682351162e-05,0.0001541655472410025,6.963694124437704e-05,4.1899270185327616e-05,4.778097891525838e-05,4.7651517611976747e-05,3.1490274746093164e-05,6.884021114899683e-05,0.00015947766019822464,9.92501996009839e-05,0.00011517831014316225,0.00021664419391007823,0.00013649640690037247,0.0003991646615896534,9.948043214772909e-05,7.288963533423193e-05,6.910698608589736e-05,0.00011630882765740299,4.614497350649868e-05,4.157263931556166e-05,1.247426219354586e-05,3.9119756850092665e-05,7.804298140649077e-05,5.8918743971069816e-05,2.1761544138867825e-05,0.0001326155245083893,0.00020646042128006587,0.00012552904815333813,9.150059057292318e-05,0.00010737710743980637,0.00015497986287438628,0.00010172568073244815,7.913564590090652e-05,0.00014837933606419977,0.00012985763602069462,9.849487987672868e-05,0.0002038963689316485,0.0001271643182387606,0.0002781999183457919,0.00019229726172690628,0.00017779386851033316,0.00013897139428344896,0.00011122883789245059,0.00010189332016768321,3.582896592835326e-05,5.713861138689503e-05,0.00010428119728754349,0.00013662932815930662,4.764290213119695e-05,0.00020017737686931427,0.0001814056306418078,0.0001892553444824279,0.00019565384619762277,0.00024709275659719204,0.00026216895441238583,0.0,0.00025544667353001696,0.0001941443087549366,0.0001802074899188631,0.00010363983150228195,7.098481199027262e-05,7.938068393093497e-05,4.5307732580697085e-05,2.379127122057537e-05,4.858346686284444e-05,8.987813572217362e-05,0.00011780010470981241,1.2985763602069461e-05,0.0001755822143426364,0.00045776556329601666,0.0003713059214698838,0.0005497006294311316,0.000531149090153629,0.00024083623653444464,0.00017611961885515467,0.00010596794407515564,7.166297248104517e-05,8.85423832640749e-05,7.103243715076038e-05
67,5.6183356481918156e-05,0.00011866687538808787,9.023387556186856e-05,4.619016398741986e-05,4.1728411998976274e-05,0.00010132035971434033,0.00010215155723985119,0.00010310400648473207,0.00025117941609587957,7.97597031296984e-05,8.853134960787104e-05,6.258022217650433e-05,0.0001212731973720248,5.477938924130343e-05,3.295975367950172e-05,3.7586556726323735e-05,3.74847169413271e-05,2.4771593737556855e-05,5.4152647353518154e-05,0.00012545193208060788,7.807444179863896e-05,9.060417316932792e-05,0.00017042156667136597,0.00010737389767587758,0.0003139999543038286,7.82555525434362e-05,5.733809719784275e-05,5.436250390159675e-05,9.149348648278002e-05,3.629960506696202e-05,3.2702811900707275e-05,9.812786891375719e-06,3.0773269894151324e-05,6.139193910047232e-05,4.634799794369984e-05,1.7118559137907325e-05,0.00010432102999744068,0.0001624105766009279,9.874650533185615e-05,7.19782686780205e-05,8.446741426233119e-05,0.00012191377279434074,8.002176088010323e-05,6.225147561342314e-05,0.00011672151677516839,0.00010215155723985119,7.748027507567202e-05,0.00016039358362106504,0.00010003287855450617,0.0002188439259628382,0.00015126923098486296,0.0001398602430521184,0.00010932082835379288,8.74973497814335e-05,8.015363321267322e-05,2.8184593344141794e-05,4.494766969856009e-05,8.203203924073508e-05,0.00010747845920961936,3.7477939636541684e-05,0.0001574680657834421,0.00014270140925085672,0.00014887632908829136,0.00015390966354776709,0.00019437370525571704,0.0002062332857260766,0.00017522581266579736,0.0,0.0001993948902748729,0.00018508115385673543,0.00010644274335432125,7.290457746999492e-05,8.152751354835002e-05,4.653306823397501e-05,2.4434699862947913e-05,3.821782798632931e-05,7.070197646576273e-05,9.266658864178898e-05,1.0215155723985118e-05,0.0001381204615172826,0.0003600979239604645,0.000292085080653108,0.00043241796965384267,0.0004178245373038871,0.00018945205962210822,0.00013854320683672391,8.335890623372761e-05,5.6373151858460964e-05,6.96512165885384e-05,5.5877145864072835e-05
68,4.759577500903088e-05,0.00010052873761313782,7.644169925692838e-05,3.913003406058555e-05,3.5350257324455464e-05,8.583362310063926e-05,8.653777274369252e-05,8.734464087698859e-05,0.00021278684158442573,6.756849577276476e-05,7.499940304453352e-05,5.301488485627719e-05,0.0001027366853491987,4.640640304749893e-05,2.7921881473698015e-05,3.184148134485404e-05,3.1755207690213494e-05,2.098527528392376e-05,4.587545816012175e-05,0.00010627670377220196,6.61408252993864e-05,7.675539716881252e-05,0.00014437276538626552,9.096188258650111e-05,0.00026600531035736317,6.629425341050081e-05,4.857401452248186e-05,4.605323830128751e-05,7.750877964771843e-05,3.075123922579886e-05,2.7704213041982717e-05,8.312910198659975e-06,2.6069600000590865e-05,5.2008229905854975e-05,3.9263743221844094e-05,1.4502000952343418e-05,8.837564331113866e-05,0.00013758624879367173,8.365318031890277e-05,6.097644740469015e-05,7.155663699299273e-05,0.00010327934932632646,6.779049820388784e-05,5.2736386944596886e-05,9.888072552111916e-05,8.653777274369252e-05,6.563747648872414e-05,0.00013587755159087572,8.474293241483882e-05,0.00018539380546928562,0.00012814784901756115,0.00011848271584057797,9.261122645462794e-05,7.412344927138478e-05,6.790221395502738e-05,2.3876600607878163e-05,3.807745403821525e-05,6.949350711167624e-05,9.105046197275003e-05,3.1749466291088665e-05,0.0001333991968341744,0.00012088961203948936,0.00012612070027779936,0.000130384693557651,0.0001646638385871485,0.0001747106915897881,0.00014844268619123896,0.00022225438300198816,0.0,0.00020470798434393648,0.0001177304062896033,8.063570381067142e-05,9.017305446439085e-05,5.146764219380962e-05,2.702586434524272e-05,3.2376263293500395e-05,5.989523544470428e-05,7.850257407224286e-05,8.653777274369251e-06,0.00011700885853332435,0.00030505724191749533,0.0002474401077609905,0.00036632322599184774,0.00035396038820088117,0.00016049446258472303,0.00011736698756601619,7.061756353727813e-05,4.7756560312817304e-05,5.900508338123721e-05,4.733636844123296e-05
69,4.2834289532802807e-05,9.04718339489433e-05,6.879446500722876e-05,3.5215462045980544e-05,3.181381450365083e-05,7.72468199718283e-05,7.788052642327783e-05,7.860667539826222e-05,0.00019149962742425193,6.080893757224058e-05,6.749645623350745e-05,4.771127115907042e-05,9.245889840123523e-05,4.1763902445865134e-05,2.5128574019816892e-05,2.865605677856969e-05,2.8578413947851518e-05,1.888590651726134e-05,4.1286073331252336e-05,9.564477307295989e-05,5.9524091377331084e-05,6.907678055269324e-05,0.00012992970136599998,8.186204793218967e-05,0.00023939411594723316,5.966217052685009e-05,4.371466588014953e-05,4.144606833161595e-05,6.975479458280988e-05,2.7674882576035844e-05,2.4932681156963514e-05,7.481285938552908e-06,2.3461594946563773e-05,4.680532205754129e-05,3.533579493110428e-05,1.3051219514332853e-05,7.953453625912707e-05,0.00012382210848425418,7.528450887583525e-05,5.487635829690004e-05,6.439810479753605e-05,9.294727422683954e-05,6.100873086082363e-05,4.7460634202724357e-05,8.898868913010817e-05,7.788052642327783e-05,5.9071097625515755e-05,0.00012228434949840787,7.626524207720547e-05,0.00016684699302727446,0.00011532792704357898,0.00010662969463119693,8.334639129613518e-05,6.670813295209676e-05,6.11092705584917e-05,2.14879834040499e-05,3.426818222069987e-05,6.254137060919014e-05,8.194176582892532e-05,2.8573246918795058e-05,0.00012005392956736565,0.00010879580472479265,0.00011350357444025364,0.00011734099746110866,0.00014819085383705445,0.00015723261879049664,0.00013359246693926216,0.00020002003517403065,0.00019847681106548116,0.0,0.00013833232286382022,9.474633245085662e-05,0.0001059526461932079,6.047408415019101e-05,3.17551829650831e-05,2.9137339094508185e-05,5.390331087553594e-05,7.064916972657183e-05,7.788052642327782e-06,0.00010530328213729467,0.00027453928887370634,0.00022268617783513642,0.0003296762185666247,0.0003185501601447404,0.00014443858257295325,0.00010562558391037255,6.355297633209943e-05,4.2978989860798316e-05,5.3102209702006655e-05,4.2600834020634787e-05
70,3.959473421323431e-05,8.362945336700398e-05,6.359154282731571e-05,3.255211829389722e-05,2.9407737196540566e-05,7.140464658016164e-05,7.199042584224422e-05,7.266165620411823e-05,0.00017701651953372572,5.620996045978957e-05,6.239170239661165e-05,4.410286994657043e-05,8.546623622744602e-05,3.860530045175873e-05,2.3228101138698425e-05,2.6488800540929043e-05,2.641702983387682e-05,1.7457566288202246e-05,3.816360953079808e-05,8.841116334633782e-05,5.5022287122675654e-05,6.385250686124399e-05,0.00012010312411162926,7.567082506513577e-05,0.00022128875012351963,5.514992335255658e-05,4.0408527738492084e-05,3.831150411674639e-05,6.447924272188552e-05,2.5581832497570735e-05,2.3047023643926177e-05,6.915476631948397e-06,2.1687195615007293e-05,4.3265437733336354e-05,3.266335040853139e-05,1.2064156391174603e-05,7.351934299135142e-05,0.00011445744819467086,6.959074498083607e-05,5.072606187834668e-05,5.952767913523519e-05,8.591767621213782e-05,5.6394643391275447e-05,4.387118865154307e-05,8.225847872164327e-05,7.199042584224422e-05,5.460355326718243e-05,0.0001130359898492028,7.049730537592818e-05,0.0001542283627263893,0.00010660568130018409,9.85652957994637e-05,7.704290760969607e-05,6.166299996820654e-05,5.648757927629807e-05,1.986284822140422e-05,3.167648119762126e-05,5.7811369666955534e-05,7.574451390105935e-05,2.641225358698691e-05,0.00011097425647351822,0.00010056758308770846,0.00010491930439916018,0.00010846650329592589,0.00013698318647300061,0.00014534112316472316,0.0001234888748954175,0.00018489252924278174,0.00018346601910158565,0.0002223390127880031,0.0,0.00011434577800525875,0.00012787025573746878,7.298389312215069e-05,3.832413358823301e-05,2.693368349776019e-05,4.9826605988077264e-05,6.530597631523857e-05,7.199042584224421e-06,9.73391998206112e-05,0.00025377589526073954,0.00020584443259158018,0.0003047428215325767,0.0002944582263902187,0.00013351469930959693,9.763712592562339e-05,5.8746467696222655e-05,3.9728490862172364e-05,4.9086092058938533e-05,3.9378934930563165e-05
71,3.084731282982521e-05,6.51537120038802e-05,4.954265393881018e-05,2.5360578779935174e-05,2.291086648122427e-05,5.562965667856748e-05,5.608602332695492e-05,5.6608962888617226e-05,0.00013790934735656254,4.379183921572277e-05,4.860788688336093e-05,3.435949383087991e-05,6.658470571105803e-05,3.007646859078429e-05,1.8096459453660255e-05,2.0636792568739297e-05,2.0580877723079903e-05,1.360077341697594e-05,2.9732357731507132e-05,6.887902817344059e-05,4.286655125262414e-05,4.9745964791929316e-05,9.356947874327244e-05,5.895333455970048e-05,0.0001724007860242089,4.296598959435798e-05,3.1481319951007554e-05,2.984757887515759e-05,5.023423974916891e-05,1.9930195403331957e-05,1.795538629737642e-05,5.387682864196519e-06,1.689597672091803e-05,3.3707070371833924e-05,2.5447237066826682e-05,9.398896434620091e-06,5.7277166203060674e-05,8.917106732299787e-05,5.421648921605642e-05,3.951946465809128e-05,4.637659468627767e-05,6.69364118333086e-05,4.3935721281736735e-05,3.4178996461051914e-05,6.408561836447235e-05,5.608602332695492e-05,4.2540325695375125e-05,8.806364303720579e-05,5.492276879242467e-05,0.0001201556380358908,8.305394305195927e-05,7.678987052460254e-05,6.002229133694404e-05,4.8040172205752304e-05,4.4008125412623696e-05,1.5474671189286493e-05,2.4678390807949837e-05,4.50394589248481e-05,5.9010743773803525e-05,2.057715666307298e-05,8.645739575015678e-05,7.834980478310866e-05,8.174012703958942e-05,8.45036650759571e-05,0.00010672033262813416,0.00011323180171270917,9.620723640642232e-05,0.00014404535862608093,0.0001429339986067558,0.00017321902061041247,0.00013006525637675198,0.0,0.00013006525637675198,7.42367231187482e-05,3.898199962002431e-05,2.0983390267012038e-05,3.881872003194108e-05,5.087832816869825e-05,5.608602332695492e-06,7.583464839795893e-05,0.00019771074576781532,0.00016036848668396852,0.00023741786212866977,0.00022940537940872315,0.00010401811702543456,7.606675551887024e-05,4.57679714911912e-05,3.0951519444034073e-05,3.824180329589312e-05,3.067918875693311e-05
72,2.227931030244599e-05,4.7056927619548284e-05,3.578192260695872e-05,1.8316545340750343e-05,1.654725344956399e-05,4.0178228489387845e-05,4.050783691353817e-05,4.0885527276000963e-05,9.960430460555217e-05,3.162842676067999e-05,3.510679199173308e-05,2.481596465521014e-05,4.809045533779534e-05,2.1722572083749662e-05,1.3070073162220846e-05,1.4904815463913448e-05,1.4864431259174725e-05,9.823087443036211e-06,2.147403981597739e-05,4.974751773267178e-05,3.096014237031129e-05,3.592876280692962e-05,6.758006647969356e-05,4.257873745001091e-05,0.00012451556572879965,3.103196119238084e-05,2.2737218628681944e-05,2.155725768415777e-05,3.6281416840208543e-05,1.4394479358017117e-05,1.2968183813170185e-05,3.891225761050689e-06,1.220303078925821e-05,2.4344755225303918e-05,1.8379133835073494e-05,6.788303776171769e-06,4.1368133623909966e-05,6.440333684328346e-05,3.91575756830869e-05,2.8542726588906333e-05,3.349525287620338e-05,4.834447324451278e-05,3.173234483008742e-05,2.468560137418926e-05,4.6285502576604866e-05,4.050783691353817e-05,3.072452766835541e-05,6.360350544676157e-05,3.9667682411961335e-05,8.678178093366078e-05,5.998527584247812e-05,5.546108223236007e-05,4.335078588974033e-05,3.469676303603531e-05,3.178463833481208e-05,1.117650030511226e-05,1.782383864709751e-05,3.2529513568221166e-05,4.2620200954539727e-05,1.4861743743052802e-05,6.244340174735516e-05,5.658773658920477e-05,5.903637910124855e-05,6.1032329989564456e-05,7.707820189457735e-05,8.178107637380155e-05,6.948517315151849e-05,0.00010403600664219534,0.00010323333268272043,0.00012510653137779446,9.393895093458843e-05,8.400329199049096e-05,0.0,7.000274332540913e-05,3.6758719930925905e-05,1.5155143838139478e-05,2.803661744886879e-05,3.674660633143164e-05,4.050783691353817e-06,5.477117804898242e-05,0.00014279555173539338,0.00011582530048164522,0.0001714738087848525,0.00016568683506057794,7.512654081314767e-05,5.493881620270811e-05,3.305567795778498e-05,2.2354572984363688e-05,2.7619942354607116e-05,2.215788357040169e-05
73,1.6492110143053143e-05,3.4833575310904795e-05,2.6487328411570202e-05,1.3558699937256002e-05,1.22489934719956e-05,2.9741664378497033e-05,2.998565480555117e-05,3.026523756521236e-05,7.37314189702109e-05,2.3412730946673714e-05,2.5987567498144347e-05,1.8369851527895227e-05,3.559863727798721e-05,1.607998840773268e-05,9.675034067165177e-06,1.1033189760176515e-05,1.1003295623259833e-05,7.271474648728666e-06,1.589601406209268e-05,3.682526661072798e-05,2.291803790531715e-05,2.6596025885525762e-05,5.002569131305637e-05,3.1518625049206626e-05,9.217181306992638e-05,2.29712013070489e-05,1.6831073712804014e-05,1.595761553131546e-05,2.6857075670293535e-05,1.0655416877885133e-05,9.599611159358062e-06,2.88045379195101e-06,9.033211761201595e-06,1.80210419052919e-05,1.3605030650731989e-05,5.0249963774164624e-06,3.0622483679989e-05,4.7674138489061423e-05,2.8986132978699463e-05,2.11285620738275e-05,2.4794636467858533e-05,3.578667233109351e-05,2.348965560112914e-05,1.827335098276973e-05,3.426253309269324e-05,2.998565480555117e-05,2.2743625701203613e-05,4.708206865798309e-05,2.9363736066187595e-05,6.423963175426993e-05,4.440369844155197e-05,4.1054694441263314e-05,3.209012873271123e-05,2.5684046311563173e-05,2.352836551754834e-05,8.273329449769454e-06,1.319397710923157e-05,2.4079754417179878e-05,3.154931813055983e-05,1.1001306207461393e-05,4.622330966911648e-05,4.188869277846468e-05,4.3701283988038835e-05,4.5178773256933155e-05,5.705662240066278e-05,6.053789371684908e-05,5.143593375950018e-05,7.701195670308174e-05,7.641778268382733e-05,9.260927143114471e-05,6.95376788825464e-05,6.218287393457291e-05,9.078875320244438e-05,0.0,3.552603386182606e-05,1.1218493661582021e-05,2.0753918174685408e-05,2.720142907363026e-05,2.9985654805551167e-06,4.054399749302033e-05,0.00010570345020508112,8.573890245991153e-05,0.00012693233779405394,0.00012264856927698216,5.561191836450082e-05,4.0668090512862096e-05,2.4469244080380364e-05,1.654782283895791e-05,2.0445477228572447e-05,1.640222481841786e-05
74,1.4118569857191653e-05,2.9820336035647536e-05,2.2675278861550234e-05,1.1607335300115215e-05,1.0486121455325109e-05,2.546125162605918e-05,2.5670127013075736e-05,2.590947229326753e-05,6.312001195549096e-05,2.0043176679697525e-05,2.2247443411332302e-05,1.5726067180801258e-05,3.04752904795386e-05,1.3765760576916509e-05,8.282605631609773e-06,9.445295903648745e-06,9.41970412329331e-06,6.224965871703069e-06,1.3608263772182664e-05,3.152538363153442e-05,1.961967973469311e-05,2.2768332622774857e-05,4.2826006577163096e-05,2.6982472570212485e-05,7.890646923916634e-05,1.966519187320571e-05,1.4408749876428703e-05,1.3660999573664914e-05,2.2991812189093487e-05,9.121891998234607e-06,8.218037569459411e-06,2.4658996168057463e-06,7.733154228238711e-06,1.5427458150127272e-05,1.1646998109123304e-05,4.301800180286408e-06,2.6215303638312778e-05,4.0812888635888976e-05,2.4814456112639875e-05,1.808774480850752e-05,2.1226198710696077e-05,3.0636263575755774e-05,2.0109030357501547e-05,1.5643454969520018e-05,2.9331478067850034e-05,2.5670127013075736e-05,1.9470368890515843e-05,4.0306029343905896e-05,2.5137714660075547e-05,5.499428033501004e-05,3.8013129485967904e-05,3.514611328731569e-05,2.7471725589335748e-05,2.1987604916517906e-05,2.014216915262176e-05,7.082633985277685e-06,1.1295103288486037e-05,2.0614202302437165e-05,2.7008748311124884e-05,9.41800102370923e-06,3.9570862729710583e-05,3.58600827965188e-05,3.741180634147e-05,3.8676655731584124e-05,4.884504785571561e-05,5.182529549189316e-05,4.4033287290364035e-05,6.592841553447144e-05,6.541975488853793e-05,7.928096870460165e-05,5.95298338717279e-05,5.323353057619588e-05,7.772245899509531e-05,5.791831070629926e-05,0.0,9.603930914821394e-06,1.77670195637858e-05,2.3286606338441272e-05,2.5670127013075737e-06,3.4708915713622544e-05,9.049063660875697e-05,7.339938148358153e-05,0.0001086642681098558,0.00010499701846528609,4.7608265256000117e-05,3.48151492976957e-05,2.094763671264005e-05,1.4166264396110026e-05,1.7502969359976775e-05,1.4041620805554729e-05
75,6.100372115958253e-05,0.00012884813991815623,9.797567337751133e-05,5.015314250779613e-05,4.530858548540064e-05,8.426233842334828e-05,6.506836798966041e-05,5.030238796076009e-05,9.386101480182451e-05,2.980469814130027e-05,3.308249714537893e-05,2.338504982338278e-05,4.531750869766805e-05,2.0470025547197823e-05,1.2316438886836593e-05,1.4045388002225562e-05,1.4007332393547284e-05,9.256677806664225e-06,7.676799550302523e-05,0.00017784344493703232,0.00011068006256040836,9.837774141698104e-05,0.0001417298533679346,6.839488770644533e-05,0.0001531943137766532,3.8179322980106434e-05,2.7974113795517382e-05,2.652238118585039e-05,4.463784686796713e-05,1.7709853177927567e-05,1.595504954388693e-05,4.787462970794808e-06,1.5013664490972097e-05,2.9951902390452877e-05,2.2612263608919435e-05,3.869888692127299e-05,0.000180630577654177,0.0002153881722015169,0.00010030380669537007,5.599963742197382e-05,5.380394526391326e-05,7.765647872174884e-05,5.097215867107572e-05,3.965286514039919e-05,0.00012673587532933397,0.00011091585665378642,8.412785194856125e-05,0.00017415487545950872,0.00010161046692227292,0.00017026222957294474,0.00011768860579498586,0.00010881232689415053,8.50524312812715e-05,6.807359989529896e-05,6.236013286235407e-05,2.1927826789194215e-05,3.4969626976462945e-05,6.382154695906235e-05,8.361905415278474e-05,2.9158120492690266e-05,0.00017097835690332077,0.0001186765865585705,9.483105326844292e-05,7.50894545289692e-05,7.263379105526798e-05,5.902664485018862e-05,3.841276399691686e-05,4.4050944624490215e-05,3.347955201741427e-05,3.1076193123342444e-05,1.787235048046944e-05,1.2241099008854025e-05,1.3688939706176588e-05,7.813170519673927e-06,4.1027270255709246e-06,0.0,0.00013085909863553205,0.0001313662139856839,3.1252682078695703e-06,4.2257161701675554e-05,0.00011016989107968623,7.316321484074187e-05,0.00010831463470862781,9.159492599521547e-05,4.153142247868341e-05,3.037125310838345e-05,1.8273825890620696e-05,1.2358045570783039e-05,1.5268844836328737e-05,1.2249311812248123e-05
76,4.511018830160854e-05,9.527884108602475e-05,7.244969636318947e-05,3.708655241744556e-05,3.350416637010176e-05,6.230914902826425e-05,4.811585714277147e-05,3.71969143815748e-05,6.940704552783291e-05,2.2039566109574325e-05,2.4463387599119422e-05,1.7292453327817847e-05,3.3510764783739257e-05,1.5136891478427154e-05,9.107589944178001e-06,1.0386089332027957e-05,1.0357948496669428e-05,6.845000124067866e-06,5.676733594036715e-05,0.00013150921184512177,8.184416242859898e-05,7.274701207812905e-05,0.00010480443244866883,5.057570595134878e-05,0.0001132820131270795,2.823231790000395e-05,2.0685910906734755e-05,1.9612403747813243e-05,3.300817785073857e-05,1.3095837376219821e-05,1.1798219446375132e-05,3.540166927433544e-06,1.1102097042788982e-05,2.2148418672530278e-05,1.6721004062286394e-05,2.1918201974186964e-05,0.00010230520303574873,0.00012199114333101641,5.680987927124105e-05,3.390350755949672e-05,3.978619756449584e-05,5.742433922701248e-05,3.769218716636448e-05,2.932195248388906e-05,9.371689287149977e-05,8.20185241847428e-05,6.220970082926352e-05,0.00012878163948507865,7.513750323996571e-05,0.00012590315952358533,8.702674308142028e-05,8.046303508093904e-05,6.289339597122428e-05,5.0338124482803424e-05,4.6113208874180915e-05,1.621488618568029e-05,2.585885627564639e-05,4.7193875165286005e-05,6.183346206974784e-05,2.1561443809393508e-05,0.0001264327114608628,8.775732143691241e-05,7.012435616163002e-05,5.5526111667940306e-05,5.371023159376809e-05,4.3648207246877435e-05,2.8404939635620527e-05,3.257418349408905e-05,2.475699624631539e-05,2.2979793639538096e-05,1.3215998634858314e-05,9.051878652836882e-06,1.0122507874226495e-05,5.777575313038157e-06,3.0338278576393195e-06,5.230662321405622e-05,0.0,9.714087168324727e-05,2.3110301252152623e-06,3.1247741698699183e-05,8.146690787553194e-05,5.4101722574975645e-05,8.009500854455059e-05,6.77313495074723e-05,3.071108209196146e-05,2.2458514343592332e-05,1.3512876120463044e-05,9.138356679579597e-06,1.1290794276516657e-05,9.05795174314268e-06
77,4.1829608431855234e-05,8.834981108529893e-05,6.718088626934325e-05,3.4389481048872176e-05,3.106761937518039e-05,5.777779707209666e-05,4.461669390933241e-05,3.449181708246244e-05,6.435950826517998e-05,2.0436767282095507e-05,2.268431950108663e-05,1.6034882113381905e-05,3.107373792775399e-05,1.4036080700543574e-05,8.44525229147145e-06,9.630774471440346e-06,9.604680141793075e-06,6.347206378111031e-06,5.2639005145107514e-05,0.00012194537517519495,7.589215198863133e-05,6.745658008497108e-05,9.718266618484318e-05,4.689765340735971e-05,0.00010504372581634854,2.617915923970356e-05,1.918155489619413e-05,1.8186117151482273e-05,3.0607700976858875e-05,1.2143459607660213e-05,1.0940209256838191e-05,3.2827128844564996e-06,1.0294711451154854e-05,2.0537703683752893e-05,1.550499075367327e-05,1.5566903096531788e-05,7.265993733446219e-05,8.664142748139337e-05,5.2678454567485086e-05,3.143791899511142e-05,3.689279800802671e-05,5.3248228720834335e-05,3.495107179707793e-05,2.7189551563339605e-05,8.690145352652355e-05,7.605383351246406e-05,5.76855811142372e-05,0.00011941616197334962,6.967322588105774e-05,0.00011674701572941979,8.069783619293098e-05,7.461146533396973e-05,5.8319555414760355e-05,4.6677349742620567e-05,4.2759685635685076e-05,1.5035679642461609e-05,2.397830453009527e-05,4.3761761873988414e-05,5.733670382997043e-05,1.9993415805365176e-05,0.00011723805668966905,8.137528418615815e-05,6.502465341454458e-05,5.1488047296193416e-05,4.980422474253931e-05,4.047394805098265e-05,2.6339227283742543e-05,3.020526829626558e-05,2.295657584065895e-05,2.1308617985805226e-05,1.2254882294790694e-05,8.393592531453357e-06,9.386361632903388e-06,5.35740865043833e-06,2.8131966660441063e-06,3.7149586258898286e-05,6.8725757369806e-05,0.0,2.1429634601753317e-06,2.8975290258093066e-05,7.55423327830802e-05,5.016724505048005e-05,7.42702030495666e-05,6.280567506204961e-05,2.8477658524415928e-05,2.082524804978864e-05,1.2530169750743007e-05,8.47378155599082e-06,1.0469685923578445e-05,8.399223964152427e-06
78,2.5114921600809306e-05,5.304612359612238e-05,4.03360862073604e-05,2.6957866089832684e-05,3.179652997626415e-05,7.720485157551471e-05,7.783821373261644e-05,7.856396818899184e-05,0.00019139558518328228,6.077589991978613e-05,6.745978523493425e-05,4.768534950252379e-05,9.24086652435177e-05,4.174121201006351e-05,2.5114921600809306e-05,2.8640487869090877e-05,2.8562887221922675e-05,1.887564575559184e-05,3.1604993135847484e-05,9.559280902132495e-05,7.767273882586313e-05,9.013800312866489e-05,0.00016954472594884673,0.0001068214452612171,0.0003123843844426871,7.785291773275145e-05,5.7043085365967126e-05,5.408280187719894e-05,9.102274081155835e-05,3.6112838963611645e-05,3.253455175749005e-05,9.762298849775017e-06,3.061493749095085e-05,6.1076069734352e-05,4.610953157586834e-05,9.990867861310771e-06,6.088465842620437e-05,9.478733560618588e-05,5.763121058197878e-05,3.217551759109062e-05,2.8920212752447073e-05,3.197077715619447e-05,2.0984978367126864e-05,1.6324882815646996e-05,7.281819264924669e-05,8.320431058030606e-05,8.23955677508414e-05,0.00022269555537507971,0.0001696392021476844,0.0003711230700511563,0.0002565275739794252,0.00023717981913931255,0.00018539002743939316,0.0001483810205348791,0.00013592729294526049,4.7796404510662475e-05,7.622380697469099e-05,0.00013911275860929397,0.00018226567436473065,6.355638136133203e-05,5.043729784549341e-05,3.5008678595067516e-05,3.416804597421256e-05,3.5323227622417775e-05,4.460997754328498e-05,4.7331825222010346e-05,4.021541678048126e-05,4.611818867785623e-05,3.505069664115248e-05,3.253455175749005e-05,1.8711072795402116e-05,1.2815555228770124e-05,1.4331340895202322e-05,8.179830767993572e-06,4.295261785460734e-06,1.2241237380824004e-05,2.2645967152304414e-05,2.968127098277463e-05,0.0,0.0003058111652682723,0.0006106664668497532,0.0003793857088977148,0.00043019312398232787,0.00031837709102200385,0.00011056949819720862,6.193118382218512e-05,3.726285729232044e-05,2.519976338137474e-05,3.113528549304658e-05,2.49780402156077e-05
79,5.745430141699632e-05,0.00012135128361287202,9.227509015456984e-05,6.167032445900053e-05,7.273952299385125e-05,0.000176618142942208,0.00017806705768933065,0.00017972733423544484,0.00043784726131290583,0.0001390343528991177,0.00015432478333075324,0.00010908767652312847,0.0002113992387008802,9.548953464619436e-05,5.745430141699632e-05,6.551958428998434e-05,6.534206070287461e-05,4.318098451269998e-05,7.23013525891543e-05,0.00021868346436054923,0.00017768850802389003,0.00020620474486026616,0.00038786001179526595,0.0002443707215729222,0.0007146280154485791,0.00017810069538365514,0.00013049495723952876,0.0001237228469161597,0.00020822872034049613,8.261375320287415e-05,7.442786295942352e-05,2.2332781664733377e-05,7.003644583986719e-05,0.00013972103818034093,0.00010548274716776665,2.285566893836663e-05,0.0001392831549502941,0.0002168408182590664,0.0001318403854263554,7.360651628977483e-05,6.61594986013897e-05,7.31381406027732e-05,4.80064119449691e-05,3.734571633530808e-05,0.0001665829762723969,0.00019034284140947646,0.00018849271601265264,0.0005094508263299903,0.00038807614083962577,0.0008490019227785712,0.0005868468471233365,0.0005425858394246238,0.0004241086110284684,0.0003394447338468997,0.00031095488904180757,0.00010934173218027462,0.000174373850362078,0.0003182421387224506,0.0004169611659303721,0.0001453951379880027,0.00011538318769748486,8.00878140964191e-05,7.816473582656683e-05,8.080739407023125e-05,0.0001020522833682563,0.00010827893457705798,9.19990400145803e-05,0.0001055025516391847,8.018393693220138e-05,7.442786295942352e-05,4.280449819073897e-05,2.9317581979479288e-05,3.278517817376532e-05,1.8712639042009945e-05,9.826081451069092e-06,2.8003740301231974e-05,5.180618292696436e-05,6.790053803826838e-05,5.1740548698064174e-05,0.0,0.0013969948148477328,0.000867903998219438,0.000984133886844523,0.0007283372666891079,0.00025294497740911703,0.00014167724506520342,8.524459954764539e-05,5.7648390226463435e-05,7.122682307573226e-05,5.714116389306729e-05
80,9.21969441179038e-05,0.00019473246106830436,0.00014807387994693642,9.896239824782681e-05,0.00011672514626804227,0.0002834192158541086,0.00028574429002048874,0.0002884085365636914,0.0007026137032013648,0.0002231084905492707,0.0002476450513510902,0.00017505304508636118,0.0003392324563414978,0.0001532321005127641,9.21969441179038e-05,0.00010513930728300515,0.00010485443510047568,6.929254586490807e-05,0.00011602201401650273,0.00035092145663431204,0.00028513683119687214,0.0003308968496674567,0.0006223991407278542,0.00039214181019083064,0.0011467639076699378,0.0002857982684441647,0.00020940531837572668,0.000198538109800474,0.00033414472405883457,0.00013257032806185122,0.0001194344261934587,3.5837425090189424e-05,0.00011238751710598047,0.00022421041473837583,0.00016926821327867755,3.667650254058319e-05,0.00022350774331613042,0.00034796456158106846,0.0002115643276108266,0.00011811641081192233,0.00010616617807516196,0.00011736480812986622,7.70359115023903e-05,5.992868831559617e-05,0.00026731577924706765,0.0003054432458468831,0.00030247434876493854,0.0008175159771774944,0.0006227459631055291,0.0013623937790539931,0.0009417134076229952,0.0008706877480508273,0.0006805672847211117,0.0005447071217602748,0.0004989894545945262,0.00017546072831715602,0.00027981779851038896,0.0005106833075351993,0.0006690977762588605,0.00023331564533006906,0.0001851554547862566,0.000128516952406775,0.00012543098781566298,0.00012967166272432657,0.00016376334642934562,0.00017375525651059395,0.0001476309021593268,0.00016929999352314283,0.0001286712007659144,0.0001194344261934587,6.868839808952973e-05,4.704593739320113e-05,5.261039061364302e-05,3.0028180545318192e-05,1.5767917459600187e-05,4.4937615043061e-05,8.313340575865524e-05,0.00010896002486661358,6.359356125236195e-05,0.0008598568898054136,0.0,0.0013927259482763741,0.001579240104433655,0.0011687631494908023,0.00040590092250593416,0.00022734954083335204,0.0001367920484108852,9.25083985204293e-05,0.0001142977160081955,9.169445218809396e-05
81,7.014135104464522e-05,0.00014814805460485137,0.00014707806869921665,9.829686649224756e-05,0.00011594015830401301,0.0002815131940556078,0.0002838226318720288,0.0002864689610980424,0.0006978885576949413,0.0002216080642456554,0.0002459796142890916,0.00017387579632846363,0.00033695108507103777,0.0001522015997299317,9.157691069951224e-05,0.00010443223521325586,0.00010414927882386715,6.882654675297729e-05,0.00011524175468526791,0.0003485614756997414,0.0002832192582680964,0.0003286715361627927,0.0006182134459575812,0.00038950461836855123,0.0011390518088301824,0.0002838762472855543,0.00020799704723806472,0.00019720292169767562,0.0003318975682829255,0.0001316787797087912,0.00011863121805836403,3.5596414920084384e-05,0.00011163170012004381,0.0002227025778873903,0.00016812986807745268,2.7902654089044847e-05,0.00017003963889610963,0.0002647235729824393,0.0001609533581991427,8.986029541605738e-05,8.076882847565206e-05,0.00010202378333766578,6.696636981370763e-05,5.2095271230328855e-05,0.0002033678023857669,0.00023237431713316097,0.00023011564734282835,0.0006219476761234385,0.0004737710520422585,0.0010364783912519074,0.0007164342738200007,0.0006623995574973206,0.0005177602065213638,0.00041440086555413703,0.0003796198977867649,0.00013348655595031643,0.00021287905604287425,0.00038851631677357313,0.0005090344637426064,0.00017750126904831292,0.00014086208470625208,0.00011941995826795386,0.00012458745222029531,0.0001287996081776524,0.00016266202199321267,0.00017258673550712126,0.0001466380699803229,0.00016816143459668224,0.00012780587442323853,0.00011863121805836403,6.822646193016173e-05,4.6729548887460195e-05,5.2256580618667724e-05,2.9826238109918347e-05,1.5661876680733492e-05,3.654437892171147e-05,6.760613971581492e-05,8.860898452730615e-05,4.83805439177769e-05,0.0006541596853673416,0.0017054789858918572,0.0,0.001568619561098066,0.0011609031036096487,0.0004031711993148075,0.0002258205930539941,0.00013587210857777615,9.188627054088151e-05,0.00011352905274881151,9.107779807681428e-05
82,6.565956396233838e-05,0.00013868191191572225,0.00013768029436824858,9.201604041868384e-05,0.00010853198757350065,0.00026352548526718865,0.00026568735808209665,0.0002681645961234661,0.0006532959190276866,0.00020744808379362476,0.00023026237700448377,0.0001627657409003224,0.00031542108888548624,0.00014247644968054274,8.572546630475854e-05,9.775938053075503e-05,9.749450406529033e-05,6.442877106769087e-05,0.00010787820950402302,0.00032628961614878163,0.00026512253794175794,0.00030767057420301024,0.0005787117683460747,0.0003646166351588766,0.0010662703809440274,0.0002657375476581643,0.0001947067631818569,0.00018460234452180612,0.00031069047415049753,0.00012326496610065083,0.00011105109801884722,3.3321928469663384e-05,0.00010449882480295003,0.00020847266184062302,0.00015738695737389555,2.4435229204389652e-05,0.00014890904417187356,0.00023182673451019748,0.00014095190322258377,7.869347868694777e-05,7.073179598163995e-05,9.550482030885583e-05,6.268745293072625e-05,4.876656554998421e-05,0.00014581231367853493,0.00016660964234831692,0.0001649902027708587,0.0004459291420700016,0.00033968825173787733,0.0007431427715365016,0.000513674917262156,0.0004749326635054489,0.0003712279562344321,0.0002971205288544985,0.00027218298553326523,9.570828488953107e-05,0.00015263177027617043,0.000278561612930042,0.0003649717016640999,0.000127266314614127,0.00012335734496872892,0.00011178944048687679,0.00011662674964382184,0.00012056976356331984,0.0001522684875360981,0.00016155904655825874,0.00013726841002903532,0.00015741650690291877,0.00011963952592121993,0.00011105109801884722,6.386702956685481e-05,4.374369410356048e-05,4.8917567832426986e-05,2.7920445782226298e-05,1.4661137522633791e-05,3.420932088614551e-05,6.328634377304627e-05,8.29471802375936e-05,3.468827888642584e-05,0.00046902477245488593,0.0012228083007520243,0.0009918525972609003,0.0,0.0010867254543902038,0.00037740996936790874,0.00021139144674023027,0.00012719035591689473,8.601505913394197e-05,0.00010627494323283866,8.525824523350222e-05
83,7.48740817216691e-05,0.00015814422422986342,0.00015700204189453116,0.000104929367699803,0.00012376312629268417,0.00030050806811564583,0.00030297333337248056,0.0003057982215130707,0.0007449780211420379,0.0002365608883403,0.00026257688892281653,0.00018560792442436945,0.0003596865857881134,0.00016247127901904983,9.775598834942506e-05,0.00011147871544072338,0.000111176666798842,7.347056207860312e-05,9.422266477590679e-05,0.0002849869057300163,0.00023156253827231262,0.00026872471751081397,0.0005054567108727456,0.0003184623766397677,0.0009312987036591565,0.00023209969822898325,0.00017006020178896115,0.00016123483050648838,0.00027136234953786635,0.00010766171994245061,9.699391962225699e-05,2.910393962152989e-05,9.127105264494949e-05,0.00018208357203794225,0.00013746444803746464,2.134214518977342e-05,0.0001300596943128159,0.00020248141670383302,0.0001231097919396993,8.973714716638384e-05,8.065813954669954e-05,0.0001089077552315187,7.148487121161383e-05,5.561035733300065e-05,0.00012735495717899927,0.00014551969810764947,0.0001441052520102104,0.000389482104497689,0.0002966895021614006,0.0006490735484491968,0.0004486524179026057,0.0004148142738959127,0.00032423681702297336,0.0002595101282919749,0.00023772925340079864,8.359324542818794e-05,0.00013331118667063628,0.00024330045516341697,0.00031877249777033346,0.00011115656585591359,0.00014066904150406112,0.0001274777229321092,0.0001329938893406743,0.00013749025709918565,0.00017363750977621823,0.00018423188527137458,0.00015653235461954683,0.00017950799077723676,0.00013642947196702861,0.00012663576311767097,7.282998701989307e-05,4.988258723430359e-05,5.578255094126563e-05,3.183873929474982e-05,1.671864908563759e-05,3.414066975711417e-05,6.315934099018644e-05,8.278072216634954e-05,3.029733333724806e-05,0.0004096542212722268,0.0010680215878319482,0.0008663009444492233,0.0012825170483556276,0.0,0.00043037484844148577,0.00024105765410760996,0.0001450399687179189,9.808622199475854e-05,0.00012118933334899224,9.722319850800306e-05
84,6.222315592525698e-05,0.000131423751673014,0.00013047455553047373,8.720022012148321e-05,0.0001028517763160527,0.0002497334184166172,0.00025178214583932367,0.0002541297332981823,0.0006191045353013656,0.00019659092575897123,0.0002182111930607472,0.00015424711137496943,0.00029891297491852815,0.000135019695671974,8.12388741982195e-05,9.264297249081315e-05,9.239195879810885e-05,6.105677872788054e-05,7.830255045849493e-05,0.00023683475328370305,0.00019243711033315364,0.00022332026803083805,0.0004200533884477705,0.00026465411878633257,0.0007739439752488174,0.0001928835103019034,0.00014132637368336205,0.00013399216081850282,0.00022551223867166444,8.94709067960656e-05,8.060556664845066e-05,2.4186459873278423e-05,7.58496506347862e-05,0.00015131824302648796,0.00011423808596692428,1.7736119059987337e-05,0.00010808445930463425,0.0001682696131134425,0.00010230883108878137,7.457491794260848e-05,8.187053382909069e-05,0.00011816563519741016,7.75615583644017e-05,6.0337605745703734e-05,0.0001131330107731945,0.00012093229936639211,0.00011975684187769814,0.0003236741628210608,0.0002465600476143531,0.000539404339705255,0.0003728469012704852,0.0003447261408907233,0.0002694528942248208,0.00021566260053673263,0.00019756188072316404,6.946910633123773e-05,0.0001107865707872501,0.0002021917572838556,0.000264911841018368,9.2375254164445e-05,0.00015262684100505309,0.00013831417305195417,0.00014429925011223382,0.0001491778388879933,0.0001883978472716266,0.0001998928147993634,0.000169838640721629,0.00019476735800963614,0.0001480268799991352,0.00013740064108104644,7.902101791860424e-05,5.4122937281199466e-05,6.052443695027967e-05,3.4545242849336e-05,1.813984490495882e-05,3.7042852635593255e-05,6.852830297428888e-05,8.981763140827359e-05,2.5178214583932368e-05,0.0003404379446069989,0.0008875657939718694,0.0007199284118774203,0.0010658195258178,0.0010298497784001917,0.0,0.0002615491500698899,0.0001573693259596752,0.00010642420001666212,0.00013149122873657324,0.000105487813821887
85,5.2723116581154246e-05,0.00011135837901427312,9.675400143863075e-05,6.466372074448155e-05,7.627020359019237e-05,0.00018519095486868389,0.0001867101980283788,0.00018845106221027417,0.00045909979042021466,0.00014578289718153285,0.0001618155049579283,0.00011438264859536359,0.00022166027918399655,0.00010012447083016498,6.024305749952481e-05,6.86998185754434e-05,6.851367822734042e-05,4.527693260082236e-05,5.80656132447234e-05,0.00017562589093915085,0.00014270261641681706,0.0001656041627923732,0.0003114925050707299,0.00019625546824577407,0.0005739216829687084,0.00014303364634861502,0.00010480121665931098,9.936249767542392e-05,0.0001672296286134575,6.634755879923477e-05,5.977342539897997e-05,1.793557957611131e-05,5.6246654198593514e-05,0.00011221073291992482,8.471377341775017e-05,1.6064255424464407e-05,9.789607048826456e-05,0.00015240797809755317,9.266487156687715e-05,6.7545246287346e-05,7.926520607388061e-05,0.00011440530538528855,7.509335312262373e-05,5.841751030256951e-05,0.00010953283181731783,9.586021196573498e-05,8.880623202134166e-05,0.00024002205095017285,0.00018283772728404685,0.0003999977470523475,0.00027648631930758303,0.00025563324125587515,0.00019981402204801875,0.0001599255845536592,0.00014650291326145289,5.1515132483766996e-05,8.215428660208782e-05,0.0001499362193309203,0.0001964465833417998,6.850129083009677e-05,0.00014776986833780993,0.00013391266573134183,0.00013970728248004257,0.00014443062220404582,0.0001824025505810828,0.00019353171912663922,0.00016443394499186958,0.0001885693673541613,0.00014331628974227934,0.00013302820466162113,7.650636897716615e-05,5.240060832965549e-05,5.859839606499359e-05,3.3445925722691505e-05,1.7562589093915086e-05,3.586405523938798e-05,6.634755879923477e-05,8.695940687899789e-05,1.8671019802837882e-05,0.00025245330975338617,0.0006581784606024316,0.0005338661957137702,0.0007903633280452974,0.0007636897978750593,0.0003462759895659089,0.0,0.00015236143540899992,0.00010303751241171436,0.0001273068447858197,0.00010213092439741692
86,3.6247197215892014e-05,7.655900082384773e-05,6.651847612563819e-05,4.445637493623441e-05,5.243584390491306e-05,0.0001273189731375623,0.00012836345438220937,0.00012956030030898823,0.0003156315810640929,0.00010022589269185884,0.0001112483271312481,7.86381892908473e-05,0.0001523916713486536,6.883567732062102e-05,4.1417164380114345e-05,4.723119637222293e-05,4.7103224690254195e-05,3.112793802290679e-05,3.992016920136937e-05,0.00012074298178654398,9.81081964781475e-05,0.00011385303331354056,0.0002141514196185973,0.0001349258375356472,0.0003945717510273174,9.833577989886153e-05,7.205094491840657e-05,6.831181998812435e-05,0.00011497054274782911,4.561401534158328e-05,4.1094291824939054e-05,1.2330729521194758e-05,3.866963297460412e-05,7.7144995016136e-05,5.8240806900121154e-05,1.1044192230190741e-05,6.730364977925792e-05,0.00010478064267832055,6.370719510671929e-05,4.643742672921911e-05,5.449491121215831e-05,7.865376585736961e-05,5.162675799046577e-05,4.0162098792838154e-05,7.530393523657153e-05,6.590399493798547e-05,6.105437642562375e-05,0.00016501540844161011,0.0001257011267376265,0.0002749988650803979,0.00019008463067641079,0.00017574811793374736,0.00013737234695765342,0.00010994900489731992,0.00010072090449199213,3.541670689872232e-05,5.648115706538529e-05,0.0001030813059680875,0.00013505722936196148,4.709470834182872e-05,0.00010159193741823619,9.206509628463061e-05,9.604890129656242e-05,9.929620224528517e-05,0.000125401942303948,0.00013305325719726896,0.000113048507364565,0.00012964163521785184,9.853009752453056e-05,9.145702838381529e-05,5.259820785287942e-05,3.6025472459203286e-05,4.0286457941714355e-05,2.2994108549565824e-05,1.2074298178654397e-05,2.4656575094963437e-05,4.561401534158328e-05,5.9784682228871136e-05,1.2836345438220936e-05,0.00017356191173468238,0.00045249837285294737,0.00036703356208369627,0.0005433756060260476,0.0005250375264279562,0.00023806510120856896,0.00017409313270667394,0.0,9.248697675042052e-05,0.0001142712485801131,9.167321890011933e-05
87,2.0692273251461847e-05,4.3704889938673414e-05,3.797310109425724e-05,2.5378609343805614e-05,2.9933812641815876e-05,7.268200535800066e-05,7.327826363395883e-05,7.396150164569537e-05,0.00018018317066748732,5.721550127308509e-05,6.350782848276433e-05,4.489182683876511e-05,8.699514299027739e-05,3.9295911242021593e-05,2.364362898321677e-05,2.6962659085238165e-05,2.688960447094691e-05,1.776986494950725e-05,2.2789046127879997e-05,6.892799896892565e-05,5.600658163009297e-05,6.499476530005118e-05,0.00012225165067365976,7.702450157293501e-05,0.00022524738784452525,5.613650114637636e-05,4.113139648833412e-05,3.8996859180030714e-05,6.563271284776519e-05,2.603946627714969e-05,2.3459312190464703e-05,7.039187695609259e-06,2.207515817784193e-05,4.40394137882935e-05,3.324766556666509e-05,6.3047479811372425e-06,3.8421329620556216e-05,5.981565076190231e-05,3.6368237835902646e-05,2.650952340542486e-05,3.1109263066600435e-05,4.490071896272381e-05,2.9471933431516197e-05,2.2927155377664744e-05,4.2988416333121396e-05,3.76223150026579e-05,3.48538352544047e-05,9.420159859086505e-05,7.175843271355662e-05,0.00015698735618627747,0.00010851275190830512,0.00010032853183254733,7.842112932241057e-05,6.276609028584923e-05,5.749808641670456e-05,2.0218175006755796e-05,3.224314223785774e-05,5.8845558113222524e-05,7.709950862953335e-05,2.6884742781705804e-05,5.799532903696875e-05,5.2556784401760264e-05,5.4831001119716445e-05,5.6684773099946746e-05,7.158763865140096e-05,7.595551011916135e-05,6.45354892165808e-05,7.400793293661876e-05,5.6247430368957904e-05,5.220965943416148e-05,3.0026500613178055e-05,2.056569824416706e-05,2.2998147721556574e-05,1.312654256955304e-05,6.892799896892565e-06,1.4075587314278823e-05,2.603946627714969e-05,3.41290106808379e-05,7.327826363395883e-06,9.908050220461078e-05,0.0002583156960011765,0.00020952678668803186,0.00031019437037024323,0.00029972579395340517,0.0001359031457385305,9.938375791411807e-05,7.807177398949383e-05,0.0,8.516920798853873e-05,6.832633356595617e-05
88,1.9200653451542265e-05,4.055438644427238e-05,3.523577838600715e-05,2.3549171092550634e-05,2.777600875622967e-05,6.744266229634859e-05,6.799593879647785e-05,6.862992502548473e-05,0.0001671945163174426,5.3091074076318366e-05,5.892981362361414e-05,4.165576200656826e-05,8.072402544779248e-05,3.6463232659433236e-05,2.1939258240344078e-05,2.501903328534295e-05,2.4951244873939504e-05,1.6488909392886158e-05,2.1146278703898434e-05,6.395926659324901e-05,5.196930041550447e-05,6.030956335850839e-05,0.00011343903832789921,7.147212604469234e-05,0.00020901024176076552,5.208985457494526e-05,3.816640541873244e-05,3.6185738015105036e-05,6.09015239244193e-05,2.4162389601894068e-05,2.1768228077542505e-05,6.531761971305172e-06,2.0483851962991922e-05,4.0864795862791794e-05,3.08509798251969e-05,5.8502649570691666e-06,3.565169598461872e-05,5.5503789617538896e-05,3.374660303604398e-05,2.4598562269476693e-05,2.8866725855384646e-05,4.1664013134344496e-05,2.734742449457493e-05,2.1274432233060924e-05,3.988956043698923e-05,3.491027900280412e-05,3.234136742949173e-05,8.741099767744031e-05,6.65856661573651e-05,0.00014567079149670488,0.0001006905195550399,9.309626581906244e-05,7.276807671635638e-05,5.824154424413778e-05,5.335328883383943e-05,1.87607309747819e-05,2.9918868399543996e-05,5.4603626907679406e-05,7.154172615496846e-05,2.4946733643627922e-05,5.381468730451518e-05,4.876818470171368e-05,5.087846260808607e-05,5.259860388681517e-05,6.642718392783045e-05,7.048019373270634e-05,5.9883394575111275e-05,6.867300927802156e-05,5.219278737186678e-05,4.8446082527329754e-05,2.7862015237761423e-05,1.908320270936622e-05,2.1340307034549124e-05,1.218030478488386e-05,6.395926659324901e-06,1.3060936846525504e-05,2.4162389601894068e-05,3.166879244069804e-05,6.799593879647786e-06,9.193820144923425e-05,0.0002396947933046522,0.00019442287326878896,0.0002878337501017497,0.0002781198097594775,0.00012610645396902528,9.221959671763665e-05,7.244390495440129e-05,6.396376567140433e-05,0.0,8.277663792769973e-05
89,1.5134606652395356e-05,3.196634366701705e-05,2.7774036300850877e-05,1.8562255830261096e-05,2.1893992720610192e-05,5.316059518607599e-05,5.359670649971453e-05,5.4096435960655534e-05,0.00013178839174865368,4.184818630918636e-05,4.645047896641926e-05,3.283448526198811e-05,6.362941634427337e-05,2.8741557414597832e-05,1.729326788543545e-05,1.9720851092515163e-05,1.9667417966149382e-05,1.2997117958413763e-05,1.666821450390381e-05,5.041486447883167e-05,4.0963966240724456e-05,4.753804453126174e-05,8.941649972755751e-05,5.6336755258189096e-05,0.00016474896562008196,4.10589911203751e-05,3.0084055983103463e-05,2.8522826718757043e-05,4.8004647938348974e-05,1.904561546978085e-05,1.7158456106959802e-05,5.148556450553398e-06,1.6146067266313678e-05,3.221101890488572e-05,2.4317789270751902e-05,4.611377376347704e-06,2.810187666684057e-05,4.3749970577760866e-05,2.6600217752694866e-05,1.9389421568518535e-05,2.2753732953223282e-05,3.284098908091529e-05,2.1556168060948372e-05,1.676922946466468e-05,3.144230524624628e-05,2.751746664071883e-05,2.5492563358911708e-05,6.89003147877366e-05,5.2485081745928206e-05,0.00011482266140627836,7.936768459140363e-05,7.338163607474385e-05,5.735826755755134e-05,4.5907961684101133e-05,4.2054872879700744e-05,1.4787844826808589e-05,2.3583067412505616e-05,4.304043178152873e-05,5.639161642708892e-05,1.966386206132268e-05,4.2418562812510476e-05,3.84407382006322e-05,4.0104130861761735e-05,4.1460004593133206e-05,5.236016067428578e-05,5.555488054722694e-05,4.7202123833535304e-05,5.4130396430631376e-05,4.114012624408168e-05,3.8186846335780575e-05,2.1961785948107613e-05,1.5042027991551732e-05,1.6821154218754155e-05,9.600929587669794e-06,5.041486447883166e-06,1.0295073664175883e-05,1.904561546978085e-05,2.4962416927941464e-05,5.359670649971453e-06,7.24688104378593e-05,0.0001889355704715212,0.00015325070673130034,0.0002268803298839777,0.0002192234724496118,9.940138662292745e-05,7.269061573796869e-05,5.710274437354169e-05,5.04184108049164e-05,8.133124188348968e-05,0.0
